Framework,Coverage_Window,Dimension,Category,Outcome_Row_Count,Outcome_Row_Denominator,Unknown_Count,Percent
COREVEN,PRIMARY_ONLY,REPORTER,CLINICIAN_REPORTED,27,551,313,4.900181
COREVEN,PRIMARY_ONLY,REPORTER,DEVICE_OR_LAB,120,551,313,21.778584
COREVEN,PRIMARY_ONLY,REPORTER,MIXED,17,551,313,3.085299
COREVEN,PRIMARY_ONLY,REPORTER,PATIENT_REPORTED,74,551,313,13.430127
COREVEN,PRIMARY_ONLY,REPORTER,REQUIRES_EXPERT_DECISION,310,551,313,56.261343
COREVEN,PRIMARY_ONLY,REPORTER,UNKNOWN,3,551,313,0.544465
COREVEN,PRIMARY_ONLY,INSTRUMENT_STATUS,NAMED,19,551,409,3.448276
COREVEN,PRIMARY_ONLY,INSTRUMENT_STATUS,UNKNOWN,409,551,409,74.228675
COREVEN,PRIMARY_ONLY,INSTRUMENT_STATUS,UNNAMED,123,551,409,22.323049
COREVEN,PRIMARY_ONLY,UNIT_OF_ANALYSIS,BODY_SITE,1,551,245,0.181488
COREVEN,PRIMARY_ONLY,UNIT_OF_ANALYSIS,EVENT,34,551,245,6.170599
COREVEN,PRIMARY_ONLY,UNIT_OF_ANALYSIS,LIMB,8,551,245,1.451906
COREVEN,PRIMARY_ONLY,UNIT_OF_ANALYSIS,PATIENT,100,551,245,18.14882
COREVEN,PRIMARY_ONLY,UNIT_OF_ANALYSIS,REQUIRES_EXPERT_DECISION,239,551,245,43.375681
COREVEN,PRIMARY_ONLY,UNIT_OF_ANALYSIS,ULCER_OR_WOUND,163,551,245,29.582577
COREVEN,PRIMARY_ONLY,UNIT_OF_ANALYSIS,UNKNOWN,6,551,245,1.088929
COREVEN,PRIMARY_ONLY,OUTCOME_NATURE,DIRECT_PATIENT_IMPORTANT,70,551,34,12.704174
COREVEN,PRIMARY_ONLY,OUTCOME_NATURE,INTERMEDIATE_OR_SURROGATE,100,551,34,18.14882
COREVEN,PRIMARY_ONLY,OUTCOME_NATURE,REQUIRES_EXPERT_DECISION,34,551,34,6.170599
COREVEN,PRIMARY_ONLY,OUTCOME_NATURE,RESOURCE_USE,1,551,34,0.181488
COREVEN,PRIMARY_ONLY,OUTCOME_NATURE,SAFETY,69,551,34,12.522686
COREVEN,PRIMARY_ONLY,OUTCOME_NATURE,UNCLEAR,277,551,34,50.272232
COREVEN,PRIMARY_ONLY,TIME_FRAME_SPECIFIED,NOT_PUBLICLY_SPECIFIED,1,551,1,0.181488
COREVEN,PRIMARY_ONLY,TIME_FRAME_SPECIFIED,YES,550,551,1,99.818512
COREVEN,PRIMARY_ONLY,NAMED_INSTRUMENT,UNKNOWN,409,551,409,74.228675
COREVEN,PRIMARY_ONLY,NAMED_INSTRUMENT,UNNAMED,123,551,409,22.323049
COREVEN,PRIMARY_ONLY,NAMED_INSTRUMENT,YES,19,551,409,3.448276
COREVEN,ANY_PLANNED,REPORTER,CLINICIAN_REPORTED,56,1720,980,3.255814
COREVEN,ANY_PLANNED,REPORTER,DEVICE_OR_LAB,306,1720,980,17.790698
COREVEN,ANY_PLANNED,REPORTER,MIXED,38,1720,980,2.209302
COREVEN,ANY_PLANNED,REPORTER,PATIENT_REPORTED,340,1720,980,19.767442
COREVEN,ANY_PLANNED,REPORTER,REQUIRES_EXPERT_DECISION,966,1720,980,56.162791
COREVEN,ANY_PLANNED,REPORTER,UNKNOWN,14,1720,980,0.813953
COREVEN,ANY_PLANNED,INSTRUMENT_STATUS,NAMED,111,1720,1232,6.453488
COREVEN,ANY_PLANNED,INSTRUMENT_STATUS,UNKNOWN,1232,1720,1232,71.627907
COREVEN,ANY_PLANNED,INSTRUMENT_STATUS,UNNAMED,377,1720,1232,21.918605
COREVEN,ANY_PLANNED,UNIT_OF_ANALYSIS,BODY_SITE,3,1720,905,0.174419
COREVEN,ANY_PLANNED,UNIT_OF_ANALYSIS,EVENT,76,1720,905,4.418605
COREVEN,ANY_PLANNED,UNIT_OF_ANALYSIS,LIMB,23,1720,905,1.337209
COREVEN,ANY_PLANNED,UNIT_OF_ANALYSIS,PATIENT,261,1720,905,15.174419
COREVEN,ANY_PLANNED,UNIT_OF_ANALYSIS,REQUIRES_EXPERT_DECISION,885,1720,905,51.453488
COREVEN,ANY_PLANNED,UNIT_OF_ANALYSIS,ULCER_OR_WOUND,452,1720,905,26.27907
COREVEN,ANY_PLANNED,UNIT_OF_ANALYSIS,UNKNOWN,20,1720,905,1.162791
COREVEN,ANY_PLANNED,OUTCOME_NATURE,DIRECT_PATIENT_IMPORTANT,349,1720,130,20.290698
COREVEN,ANY_PLANNED,OUTCOME_NATURE,INTERMEDIATE_OR_SURROGATE,320,1720,130,18.604651
COREVEN,ANY_PLANNED,OUTCOME_NATURE,REQUIRES_EXPERT_DECISION,130,1720,130,7.55814
COREVEN,ANY_PLANNED,OUTCOME_NATURE,RESOURCE_USE,18,1720,130,1.046512
COREVEN,ANY_PLANNED,OUTCOME_NATURE,SAFETY,164,1720,130,9.534884
COREVEN,ANY_PLANNED,OUTCOME_NATURE,UNCLEAR,739,1720,130,42.965116
COREVEN,ANY_PLANNED,TIME_FRAME_SPECIFIED,NOT_PUBLICLY_SPECIFIED,4,1720,4,0.232558
COREVEN,ANY_PLANNED,TIME_FRAME_SPECIFIED,YES,1716,1720,4,99.767442
COREVEN,ANY_PLANNED,NAMED_INSTRUMENT,UNKNOWN,1232,1720,1232,71.627907
COREVEN,ANY_PLANNED,NAMED_INSTRUMENT,UNNAMED,377,1720,1232,21.918605
COREVEN,ANY_PLANNED,NAMED_INSTRUMENT,YES,111,1720,1232,6.453488
OUTPUTS,PRIMARY_ONLY,REPORTER,CLINICIAN_REPORTED,2,394,215,0.507614
OUTPUTS,PRIMARY_ONLY,REPORTER,DEVICE_OR_LAB,145,394,215,36.80203
OUTPUTS,PRIMARY_ONLY,REPORTER,MIXED,6,394,215,1.522843
OUTPUTS,PRIMARY_ONLY,REPORTER,PATIENT_REPORTED,26,394,215,6.598985
OUTPUTS,PRIMARY_ONLY,REPORTER,REQUIRES_EXPERT_DECISION,214,394,215,54.314721
OUTPUTS,PRIMARY_ONLY,REPORTER,UNKNOWN,1,394,215,0.253807
OUTPUTS,PRIMARY_ONLY,INSTRUMENT_STATUS,NAMED,26,394,255,6.598985
OUTPUTS,PRIMARY_ONLY,INSTRUMENT_STATUS,UNKNOWN,255,394,255,64.720812
OUTPUTS,PRIMARY_ONLY,INSTRUMENT_STATUS,UNNAMED,113,394,255,28.680203
OUTPUTS,PRIMARY_ONLY,UNIT_OF_ANALYSIS,BODY_SITE,21,394,207,5.329949
OUTPUTS,PRIMARY_ONLY,UNIT_OF_ANALYSIS,EVENT,4,394,207,1.015228
OUTPUTS,PRIMARY_ONLY,UNIT_OF_ANALYSIS,LIMB,11,394,207,2.791878
OUTPUTS,PRIMARY_ONLY,UNIT_OF_ANALYSIS,PATIENT,103,394,207,26.142132
OUTPUTS,PRIMARY_ONLY,UNIT_OF_ANALYSIS,REQUIRES_EXPERT_DECISION,207,394,207,52.538071
OUTPUTS,PRIMARY_ONLY,UNIT_OF_ANALYSIS,ULCER_OR_WOUND,48,394,207,12.182741
OUTPUTS,PRIMARY_ONLY,OUTCOME_NATURE,DIRECT_PATIENT_IMPORTANT,18,394,29,4.568528
OUTPUTS,PRIMARY_ONLY,OUTCOME_NATURE,INTERMEDIATE_OR_SURROGATE,61,394,29,15.482234
OUTPUTS,PRIMARY_ONLY,OUTCOME_NATURE,REQUIRES_EXPERT_DECISION,29,394,29,7.360406
OUTPUTS,PRIMARY_ONLY,OUTCOME_NATURE,RESOURCE_USE,15,394,29,3.807107
OUTPUTS,PRIMARY_ONLY,OUTCOME_NATURE,SAFETY,13,394,29,3.299492
OUTPUTS,PRIMARY_ONLY,OUTCOME_NATURE,UNCLEAR,258,394,29,65.482234
OUTPUTS,PRIMARY_ONLY,TIME_FRAME_SPECIFIED,NOT_PUBLICLY_SPECIFIED,1,394,1,0.253807
OUTPUTS,PRIMARY_ONLY,TIME_FRAME_SPECIFIED,YES,393,394,1,99.746193
OUTPUTS,PRIMARY_ONLY,NAMED_INSTRUMENT,UNKNOWN,255,394,255,64.720812
OUTPUTS,PRIMARY_ONLY,NAMED_INSTRUMENT,UNNAMED,113,394,255,28.680203
OUTPUTS,PRIMARY_ONLY,NAMED_INSTRUMENT,YES,26,394,255,6.598985
OUTPUTS,ANY_PLANNED,REPORTER,CLINICIAN_REPORTED,7,1060,622,0.660377
OUTPUTS,ANY_PLANNED,REPORTER,DEVICE_OR_LAB,318,1060,622,30.0
OUTPUTS,ANY_PLANNED,REPORTER,MIXED,14,1060,622,1.320755
OUTPUTS,ANY_PLANNED,REPORTER,PATIENT_REPORTED,99,1060,622,9.339623
OUTPUTS,ANY_PLANNED,REPORTER,REQUIRES_EXPERT_DECISION,621,1060,622,58.584906
OUTPUTS,ANY_PLANNED,REPORTER,UNKNOWN,1,1060,622,0.09434
OUTPUTS,ANY_PLANNED,INSTRUMENT_STATUS,NAMED,47,1060,715,4.433962
OUTPUTS,ANY_PLANNED,INSTRUMENT_STATUS,UNKNOWN,715,1060,715,67.45283
OUTPUTS,ANY_PLANNED,INSTRUMENT_STATUS,UNNAMED,298,1060,715,28.113208
OUTPUTS,ANY_PLANNED,UNIT_OF_ANALYSIS,BODY_SITE,84,1060,617,7.924528
OUTPUTS,ANY_PLANNED,UNIT_OF_ANALYSIS,EVENT,14,1060,617,1.320755
OUTPUTS,ANY_PLANNED,UNIT_OF_ANALYSIS,LIMB,19,1060,617,1.792453
OUTPUTS,ANY_PLANNED,UNIT_OF_ANALYSIS,PATIENT,258,1060,617,24.339623
OUTPUTS,ANY_PLANNED,UNIT_OF_ANALYSIS,REQUIRES_EXPERT_DECISION,617,1060,617,58.207547
OUTPUTS,ANY_PLANNED,UNIT_OF_ANALYSIS,ULCER_OR_WOUND,68,1060,617,6.415094
OUTPUTS,ANY_PLANNED,OUTCOME_NATURE,DIRECT_PATIENT_IMPORTANT,78,1060,50,7.358491
OUTPUTS,ANY_PLANNED,OUTCOME_NATURE,INTERMEDIATE_OR_SURROGATE,128,1060,50,12.075472
OUTPUTS,ANY_PLANNED,OUTCOME_NATURE,REQUIRES_EXPERT_DECISION,50,1060,50,4.716981
OUTPUTS,ANY_PLANNED,OUTCOME_NATURE,RESOURCE_USE,74,1060,50,6.981132
OUTPUTS,ANY_PLANNED,OUTCOME_NATURE,SAFETY,38,1060,50,3.584906
OUTPUTS,ANY_PLANNED,OUTCOME_NATURE,UNCLEAR,692,1060,50,65.283019
OUTPUTS,ANY_PLANNED,TIME_FRAME_SPECIFIED,NOT_PUBLICLY_SPECIFIED,1,1060,1,0.09434
OUTPUTS,ANY_PLANNED,TIME_FRAME_SPECIFIED,YES,1059,1060,1,99.90566
OUTPUTS,ANY_PLANNED,NAMED_INSTRUMENT,UNKNOWN,715,1060,715,67.45283
OUTPUTS,ANY_PLANNED,NAMED_INSTRUMENT,UNNAMED,298,1060,715,28.113208
OUTPUTS,ANY_PLANNED,NAMED_INSTRUMENT,YES,47,1060,715,4.433962
