Population,Dimension,Category,Count,Denominator,Unknown_Count,Percent,Small_Denominator_Flag
ALL_INCLUDED,Study_Type,INTERVENTIONAL,1218,1218,0,100.0,NO
ALL_INCLUDED,Randomized,NO,407,1218,2,33.415435,NO
ALL_INCLUDED,Randomized,UNKNOWN,2,1218,2,0.164204,NO
ALL_INCLUDED,Randomized,YES,809,1218,2,66.420361,NO
ALL_INCLUDED,Industry_Role,INDUSTRY_COLLABORATOR,74,1218,0,6.075534,NO
ALL_INCLUDED,Industry_Role,INDUSTRY_LEAD,374,1218,0,30.706076,NO
ALL_INCLUDED,Industry_Role,NO_RECORDED_INDUSTRY_ROLE,770,1218,0,63.218391,NO
ALL_INCLUDED,Device_Study,NO,623,1218,0,51.149425,NO
ALL_INCLUDED,Device_Study,YES,595,1218,0,48.850575,NO
ALL_INCLUDED,Country_Scope,MULTICOUNTRY,96,1218,102,7.881773,NO
ALL_INCLUDED,Country_Scope,SINGLE_COUNTRY,1020,1218,102,83.743842,NO
ALL_INCLUDED,Country_Scope,UNKNOWN,102,1218,102,8.374384,NO
ALL_INCLUDED,US_Center,NO,630,1218,102,51.724138,NO
ALL_INCLUDED,US_Center,UNKNOWN,102,1218,102,8.374384,NO
ALL_INCLUDED,US_Center,YES,486,1218,102,39.901478,NO
ALL_INCLUDED,Registration_Timing,PROSPECTIVE_OR_SAME_DAY,698,1218,1,57.307061,NO
ALL_INCLUDED,Registration_Timing,RETROSPECTIVE,519,1218,1,42.610837,NO
ALL_INCLUDED,Registration_Timing,UNKNOWN,1,1218,1,0.082102,NO
ALL_INCLUDED,Overall_Status,ACTIVE_NOT_RECRUITING,29,1218,199,2.380952,NO
ALL_INCLUDED,Overall_Status,COMPLETED,590,1218,199,48.440066,NO
ALL_INCLUDED,Overall_Status,ENROLLING_BY_INVITATION,7,1218,199,0.574713,NO
ALL_INCLUDED,Overall_Status,NOT_YET_RECRUITING,47,1218,199,3.858785,NO
ALL_INCLUDED,Overall_Status,RECRUITING,165,1218,199,13.546798,NO
ALL_INCLUDED,Overall_Status,SUSPENDED,5,1218,199,0.410509,NO
ALL_INCLUDED,Overall_Status,TERMINATED,129,1218,199,10.591133,NO
ALL_INCLUDED,Overall_Status,UNKNOWN,199,1218,199,16.338259,NO
ALL_INCLUDED,Overall_Status,WITHDRAWN,47,1218,199,3.858785,NO
ALL_INCLUDED,Period,2008-2016,440,1218,0,36.124795,NO
ALL_INCLUDED,Period,2017-2018,134,1218,0,11.001642,NO
ALL_INCLUDED,Period,2019-2025,644,1218,0,52.873563,NO
ALL_INCLUDED,Adult_Relevant_Registry,YES,1218,1218,0,100.0,NO
ADULT_RELEVANT_REGISTRY,Study_Type,INTERVENTIONAL,1218,1218,0,100.0,NO
ADULT_RELEVANT_REGISTRY,Randomized,NO,407,1218,2,33.415435,NO
ADULT_RELEVANT_REGISTRY,Randomized,UNKNOWN,2,1218,2,0.164204,NO
ADULT_RELEVANT_REGISTRY,Randomized,YES,809,1218,2,66.420361,NO
ADULT_RELEVANT_REGISTRY,Industry_Role,INDUSTRY_COLLABORATOR,74,1218,0,6.075534,NO
ADULT_RELEVANT_REGISTRY,Industry_Role,INDUSTRY_LEAD,374,1218,0,30.706076,NO
ADULT_RELEVANT_REGISTRY,Industry_Role,NO_RECORDED_INDUSTRY_ROLE,770,1218,0,63.218391,NO
ADULT_RELEVANT_REGISTRY,Device_Study,NO,623,1218,0,51.149425,NO
ADULT_RELEVANT_REGISTRY,Device_Study,YES,595,1218,0,48.850575,NO
ADULT_RELEVANT_REGISTRY,Country_Scope,MULTICOUNTRY,96,1218,102,7.881773,NO
ADULT_RELEVANT_REGISTRY,Country_Scope,SINGLE_COUNTRY,1020,1218,102,83.743842,NO
ADULT_RELEVANT_REGISTRY,Country_Scope,UNKNOWN,102,1218,102,8.374384,NO
ADULT_RELEVANT_REGISTRY,US_Center,NO,630,1218,102,51.724138,NO
ADULT_RELEVANT_REGISTRY,US_Center,UNKNOWN,102,1218,102,8.374384,NO
ADULT_RELEVANT_REGISTRY,US_Center,YES,486,1218,102,39.901478,NO
ADULT_RELEVANT_REGISTRY,Registration_Timing,PROSPECTIVE_OR_SAME_DAY,698,1218,1,57.307061,NO
ADULT_RELEVANT_REGISTRY,Registration_Timing,RETROSPECTIVE,519,1218,1,42.610837,NO
ADULT_RELEVANT_REGISTRY,Registration_Timing,UNKNOWN,1,1218,1,0.082102,NO
ADULT_RELEVANT_REGISTRY,Overall_Status,ACTIVE_NOT_RECRUITING,29,1218,199,2.380952,NO
ADULT_RELEVANT_REGISTRY,Overall_Status,COMPLETED,590,1218,199,48.440066,NO
ADULT_RELEVANT_REGISTRY,Overall_Status,ENROLLING_BY_INVITATION,7,1218,199,0.574713,NO
ADULT_RELEVANT_REGISTRY,Overall_Status,NOT_YET_RECRUITING,47,1218,199,3.858785,NO
ADULT_RELEVANT_REGISTRY,Overall_Status,RECRUITING,165,1218,199,13.546798,NO
ADULT_RELEVANT_REGISTRY,Overall_Status,SUSPENDED,5,1218,199,0.410509,NO
ADULT_RELEVANT_REGISTRY,Overall_Status,TERMINATED,129,1218,199,10.591133,NO
ADULT_RELEVANT_REGISTRY,Overall_Status,UNKNOWN,199,1218,199,16.338259,NO
ADULT_RELEVANT_REGISTRY,Overall_Status,WITHDRAWN,47,1218,199,3.858785,NO
ADULT_RELEVANT_REGISTRY,Period,2008-2016,440,1218,0,36.124795,NO
ADULT_RELEVANT_REGISTRY,Period,2017-2018,134,1218,0,11.001642,NO
ADULT_RELEVANT_REGISTRY,Period,2019-2025,644,1218,0,52.873563,NO
ADULT_RELEVANT_REGISTRY,Adult_Relevant_Registry,YES,1218,1218,0,100.0,NO
ADULT_RELEVANT_HUMAN_SCOPE,Study_Type,INTERVENTIONAL,117,117,0,100.0,NO
ADULT_RELEVANT_HUMAN_SCOPE,Randomized,NO,37,117,0,31.623932,NO
ADULT_RELEVANT_HUMAN_SCOPE,Randomized,YES,80,117,0,68.376068,NO
ADULT_RELEVANT_HUMAN_SCOPE,Industry_Role,INDUSTRY_COLLABORATOR,7,117,0,5.982906,NO
ADULT_RELEVANT_HUMAN_SCOPE,Industry_Role,INDUSTRY_LEAD,38,117,0,32.478632,NO
ADULT_RELEVANT_HUMAN_SCOPE,Industry_Role,NO_RECORDED_INDUSTRY_ROLE,72,117,0,61.538462,NO
ADULT_RELEVANT_HUMAN_SCOPE,Device_Study,NO,74,117,0,63.247863,NO
ADULT_RELEVANT_HUMAN_SCOPE,Device_Study,YES,43,117,0,36.752137,NO
ADULT_RELEVANT_HUMAN_SCOPE,Country_Scope,MULTICOUNTRY,12,117,8,10.25641,NO
ADULT_RELEVANT_HUMAN_SCOPE,Country_Scope,SINGLE_COUNTRY,97,117,8,82.905983,NO
ADULT_RELEVANT_HUMAN_SCOPE,Country_Scope,UNKNOWN,8,117,8,6.837607,NO
ADULT_RELEVANT_HUMAN_SCOPE,US_Center,NO,60,117,8,51.282051,NO
ADULT_RELEVANT_HUMAN_SCOPE,US_Center,UNKNOWN,8,117,8,6.837607,NO
ADULT_RELEVANT_HUMAN_SCOPE,US_Center,YES,49,117,8,41.880342,NO
ADULT_RELEVANT_HUMAN_SCOPE,Registration_Timing,PROSPECTIVE_OR_SAME_DAY,75,117,0,64.102564,NO
ADULT_RELEVANT_HUMAN_SCOPE,Registration_Timing,RETROSPECTIVE,42,117,0,35.897436,NO
ADULT_RELEVANT_HUMAN_SCOPE,Overall_Status,ACTIVE_NOT_RECRUITING,1,117,17,0.854701,NO
ADULT_RELEVANT_HUMAN_SCOPE,Overall_Status,COMPLETED,51,117,17,43.589744,NO
ADULT_RELEVANT_HUMAN_SCOPE,Overall_Status,ENROLLING_BY_INVITATION,2,117,17,1.709402,NO
ADULT_RELEVANT_HUMAN_SCOPE,Overall_Status,NOT_YET_RECRUITING,10,117,17,8.547009,NO
ADULT_RELEVANT_HUMAN_SCOPE,Overall_Status,RECRUITING,18,117,17,15.384615,NO
ADULT_RELEVANT_HUMAN_SCOPE,Overall_Status,TERMINATED,13,117,17,11.111111,NO
ADULT_RELEVANT_HUMAN_SCOPE,Overall_Status,UNKNOWN,17,117,17,14.529915,NO
ADULT_RELEVANT_HUMAN_SCOPE,Overall_Status,WITHDRAWN,5,117,17,4.273504,NO
ADULT_RELEVANT_HUMAN_SCOPE,Period,2008-2016,44,117,0,37.606838,NO
ADULT_RELEVANT_HUMAN_SCOPE,Period,2017-2018,11,117,0,9.401709,NO
ADULT_RELEVANT_HUMAN_SCOPE,Period,2019-2025,62,117,0,52.991453,NO
ADULT_RELEVANT_HUMAN_SCOPE,Adult_Relevant_Registry,YES,117,117,0,100.0,NO
VLU_ACTIVE_TREATMENT,Study_Type,INTERVENTIONAL,304,304,0,100.0,NO
VLU_ACTIVE_TREATMENT,Randomized,NO,74,304,1,24.342105,NO
VLU_ACTIVE_TREATMENT,Randomized,UNKNOWN,1,304,1,0.328947,NO
VLU_ACTIVE_TREATMENT,Randomized,YES,229,304,1,75.328947,NO
VLU_ACTIVE_TREATMENT,Industry_Role,INDUSTRY_COLLABORATOR,17,304,0,5.592105,NO
VLU_ACTIVE_TREATMENT,Industry_Role,INDUSTRY_LEAD,155,304,0,50.986842,NO
VLU_ACTIVE_TREATMENT,Industry_Role,NO_RECORDED_INDUSTRY_ROLE,132,304,0,43.421053,NO
VLU_ACTIVE_TREATMENT,Device_Study,NO,157,304,0,51.644737,NO
VLU_ACTIVE_TREATMENT,Device_Study,YES,147,304,0,48.355263,NO
VLU_ACTIVE_TREATMENT,Country_Scope,MULTICOUNTRY,42,304,26,13.815789,NO
VLU_ACTIVE_TREATMENT,Country_Scope,SINGLE_COUNTRY,236,304,26,77.631579,NO
VLU_ACTIVE_TREATMENT,Country_Scope,UNKNOWN,26,304,26,8.552632,NO
VLU_ACTIVE_TREATMENT,US_Center,NO,153,304,26,50.328947,NO
VLU_ACTIVE_TREATMENT,US_Center,UNKNOWN,26,304,26,8.552632,NO
VLU_ACTIVE_TREATMENT,US_Center,YES,125,304,26,41.118421,NO
VLU_ACTIVE_TREATMENT,Registration_Timing,PROSPECTIVE_OR_SAME_DAY,165,304,0,54.276316,NO
VLU_ACTIVE_TREATMENT,Registration_Timing,RETROSPECTIVE,139,304,0,45.723684,NO
VLU_ACTIVE_TREATMENT,Overall_Status,ACTIVE_NOT_RECRUITING,8,304,57,2.631579,NO
VLU_ACTIVE_TREATMENT,Overall_Status,COMPLETED,145,304,57,47.697368,NO
VLU_ACTIVE_TREATMENT,Overall_Status,NOT_YET_RECRUITING,10,304,57,3.289474,NO
VLU_ACTIVE_TREATMENT,Overall_Status,RECRUITING,28,304,57,9.210526,NO
VLU_ACTIVE_TREATMENT,Overall_Status,SUSPENDED,2,304,57,0.657895,NO
VLU_ACTIVE_TREATMENT,Overall_Status,TERMINATED,42,304,57,13.815789,NO
VLU_ACTIVE_TREATMENT,Overall_Status,UNKNOWN,57,304,57,18.75,NO
VLU_ACTIVE_TREATMENT,Overall_Status,WITHDRAWN,12,304,57,3.947368,NO
VLU_ACTIVE_TREATMENT,Period,2008-2016,145,304,0,47.697368,NO
VLU_ACTIVE_TREATMENT,Period,2017-2018,34,304,0,11.184211,NO
VLU_ACTIVE_TREATMENT,Period,2019-2025,125,304,0,41.118421,NO
VLU_ACTIVE_TREATMENT,Adult_Relevant_Registry,YES,304,304,0,100.0,NO
PI_PREVENTION,Study_Type,INTERVENTIONAL,184,184,0,100.0,NO
PI_PREVENTION,Randomized,NO,64,184,0,34.782609,NO
PI_PREVENTION,Randomized,YES,120,184,0,65.217391,NO
PI_PREVENTION,Industry_Role,INDUSTRY_COLLABORATOR,10,184,0,5.434783,NO
PI_PREVENTION,Industry_Role,INDUSTRY_LEAD,10,184,0,5.434783,NO
PI_PREVENTION,Industry_Role,NO_RECORDED_INDUSTRY_ROLE,164,184,0,89.130435,NO
PI_PREVENTION,Device_Study,NO,108,184,0,58.695652,NO
PI_PREVENTION,Device_Study,YES,76,184,0,41.304348,NO
PI_PREVENTION,Country_Scope,MULTICOUNTRY,4,184,15,2.173913,NO
PI_PREVENTION,Country_Scope,SINGLE_COUNTRY,165,184,15,89.673913,NO
PI_PREVENTION,Country_Scope,UNKNOWN,15,184,15,8.152174,NO
PI_PREVENTION,US_Center,NO,114,184,15,61.956522,NO
PI_PREVENTION,US_Center,UNKNOWN,15,184,15,8.152174,NO
PI_PREVENTION,US_Center,YES,55,184,15,29.891304,NO
PI_PREVENTION,Registration_Timing,PROSPECTIVE_OR_SAME_DAY,104,184,0,56.521739,NO
PI_PREVENTION,Registration_Timing,RETROSPECTIVE,80,184,0,43.478261,NO
PI_PREVENTION,Overall_Status,ACTIVE_NOT_RECRUITING,7,184,26,3.804348,NO
PI_PREVENTION,Overall_Status,COMPLETED,106,184,26,57.608696,NO
PI_PREVENTION,Overall_Status,ENROLLING_BY_INVITATION,1,184,26,0.543478,NO
PI_PREVENTION,Overall_Status,NOT_YET_RECRUITING,14,184,26,7.608696,NO
PI_PREVENTION,Overall_Status,RECRUITING,17,184,26,9.23913,NO
PI_PREVENTION,Overall_Status,TERMINATED,9,184,26,4.891304,NO
PI_PREVENTION,Overall_Status,UNKNOWN,26,184,26,14.130435,NO
PI_PREVENTION,Overall_Status,WITHDRAWN,4,184,26,2.173913,NO
PI_PREVENTION,Period,2008-2016,49,184,0,26.630435,NO
PI_PREVENTION,Period,2017-2018,18,184,0,9.782609,NO
PI_PREVENTION,Period,2019-2025,117,184,0,63.586957,NO
PI_PREVENTION,Adult_Relevant_Registry,YES,184,184,0,100.0,NO
COS_ADULT_COMPARATIVE,Study_Type,INTERVENTIONAL,359,359,0,100.0,NO
COS_ADULT_COMPARATIVE,Randomized,NO,24,359,0,6.685237,NO
COS_ADULT_COMPARATIVE,Randomized,YES,335,359,0,93.314763,NO
COS_ADULT_COMPARATIVE,Industry_Role,INDUSTRY_COLLABORATOR,21,359,0,5.849582,NO
COS_ADULT_COMPARATIVE,Industry_Role,INDUSTRY_LEAD,116,359,0,32.311978,NO
COS_ADULT_COMPARATIVE,Industry_Role,NO_RECORDED_INDUSTRY_ROLE,222,359,0,61.83844,NO
COS_ADULT_COMPARATIVE,Device_Study,NO,205,359,0,57.103064,NO
COS_ADULT_COMPARATIVE,Device_Study,YES,154,359,0,42.896936,NO
COS_ADULT_COMPARATIVE,Country_Scope,MULTICOUNTRY,36,359,30,10.027855,NO
COS_ADULT_COMPARATIVE,Country_Scope,SINGLE_COUNTRY,293,359,30,81.615599,NO
COS_ADULT_COMPARATIVE,Country_Scope,UNKNOWN,30,359,30,8.356546,NO
COS_ADULT_COMPARATIVE,US_Center,NO,200,359,30,55.710306,NO
COS_ADULT_COMPARATIVE,US_Center,UNKNOWN,30,359,30,8.356546,NO
COS_ADULT_COMPARATIVE,US_Center,YES,129,359,30,35.933148,NO
COS_ADULT_COMPARATIVE,Registration_Timing,PROSPECTIVE_OR_SAME_DAY,207,359,0,57.660167,NO
COS_ADULT_COMPARATIVE,Registration_Timing,RETROSPECTIVE,152,359,0,42.339833,NO
COS_ADULT_COMPARATIVE,Overall_Status,ACTIVE_NOT_RECRUITING,10,359,63,2.785515,NO
COS_ADULT_COMPARATIVE,Overall_Status,COMPLETED,184,359,63,51.253482,NO
COS_ADULT_COMPARATIVE,Overall_Status,NOT_YET_RECRUITING,19,359,63,5.292479,NO
COS_ADULT_COMPARATIVE,Overall_Status,RECRUITING,32,359,63,8.913649,NO
COS_ADULT_COMPARATIVE,Overall_Status,SUSPENDED,2,359,63,0.557103,NO
COS_ADULT_COMPARATIVE,Overall_Status,TERMINATED,39,359,63,10.86351,NO
COS_ADULT_COMPARATIVE,Overall_Status,UNKNOWN,63,359,63,17.548747,NO
COS_ADULT_COMPARATIVE,Overall_Status,WITHDRAWN,10,359,63,2.785515,NO
COS_ADULT_COMPARATIVE,Period,2008-2016,144,359,0,40.111421,NO
COS_ADULT_COMPARATIVE,Period,2017-2018,37,359,0,10.306407,NO
COS_ADULT_COMPARATIVE,Period,2019-2025,178,359,0,49.582173,NO
COS_ADULT_COMPARATIVE,Adult_Relevant_Registry,YES,359,359,0,100.0,NO
COS_ADULT_RANDOMIZED,Study_Type,INTERVENTIONAL,335,335,0,100.0,NO
COS_ADULT_RANDOMIZED,Randomized,YES,335,335,0,100.0,NO
COS_ADULT_RANDOMIZED,Industry_Role,INDUSTRY_COLLABORATOR,21,335,0,6.268657,NO
COS_ADULT_RANDOMIZED,Industry_Role,INDUSTRY_LEAD,113,335,0,33.731343,NO
COS_ADULT_RANDOMIZED,Industry_Role,NO_RECORDED_INDUSTRY_ROLE,201,335,0,60.0,NO
COS_ADULT_RANDOMIZED,Device_Study,NO,188,335,0,56.119403,NO
COS_ADULT_RANDOMIZED,Device_Study,YES,147,335,0,43.880597,NO
COS_ADULT_RANDOMIZED,Country_Scope,MULTICOUNTRY,34,335,27,10.149254,NO
COS_ADULT_RANDOMIZED,Country_Scope,SINGLE_COUNTRY,274,335,27,81.791045,NO
COS_ADULT_RANDOMIZED,Country_Scope,UNKNOWN,27,335,27,8.059701,NO
COS_ADULT_RANDOMIZED,US_Center,NO,188,335,27,56.119403,NO
COS_ADULT_RANDOMIZED,US_Center,UNKNOWN,27,335,27,8.059701,NO
COS_ADULT_RANDOMIZED,US_Center,YES,120,335,27,35.820896,NO
COS_ADULT_RANDOMIZED,Registration_Timing,PROSPECTIVE_OR_SAME_DAY,191,335,0,57.014925,NO
COS_ADULT_RANDOMIZED,Registration_Timing,RETROSPECTIVE,144,335,0,42.985075,NO
COS_ADULT_RANDOMIZED,Overall_Status,ACTIVE_NOT_RECRUITING,10,335,58,2.985075,NO
COS_ADULT_RANDOMIZED,Overall_Status,COMPLETED,168,335,58,50.149254,NO
COS_ADULT_RANDOMIZED,Overall_Status,NOT_YET_RECRUITING,18,335,58,5.373134,NO
COS_ADULT_RANDOMIZED,Overall_Status,RECRUITING,30,335,58,8.955224,NO
COS_ADULT_RANDOMIZED,Overall_Status,SUSPENDED,2,335,58,0.597015,NO
COS_ADULT_RANDOMIZED,Overall_Status,TERMINATED,39,335,58,11.641791,NO
COS_ADULT_RANDOMIZED,Overall_Status,UNKNOWN,58,335,58,17.313433,NO
COS_ADULT_RANDOMIZED,Overall_Status,WITHDRAWN,10,335,58,2.985075,NO
COS_ADULT_RANDOMIZED,Period,2008-2016,136,335,0,40.597015,NO
COS_ADULT_RANDOMIZED,Period,2017-2018,35,335,0,10.447761,NO
COS_ADULT_RANDOMIZED,Period,2019-2025,164,335,0,48.955224,NO
COS_ADULT_RANDOMIZED,Adult_Relevant_Registry,YES,335,335,0,100.0,NO
