result_id,module,analysis_population,stratum_variable,stratum_value,metric,category,numerator,denominator,unknown_count,percentage,value,unit,notes,source_table,framework
AGE0001,AGE_ELIGIBILITY,ALL_INCLUDED,AGE_SCALE_THRESHOLD,STRUCTURED_65,ELIGIBILITY_CATEGORY,YES,1098,1218,39,90.147783,,,Percent_Total uses all included records; evaluable percentage is in T02.,T02_AGE_ELIGIBILITY_THRESHOLDS.csv,
AGE0002,AGE_ELIGIBILITY,ALL_INCLUDED,AGE_SCALE_THRESHOLD,STRUCTURED_65,ELIGIBILITY_CATEGORY,NO,81,1218,39,6.650246,,,Percent_Total uses all included records; evaluable percentage is in T02.,T02_AGE_ELIGIBILITY_THRESHOLDS.csv,
AGE0003,AGE_ELIGIBILITY,ALL_INCLUDED,AGE_SCALE_THRESHOLD,STRUCTURED_65,ELIGIBILITY_CATEGORY,UNKNOWN,39,1218,39,3.20197,,,Percent_Total uses all included records; evaluable percentage is in T02.,T02_AGE_ELIGIBILITY_THRESHOLDS.csv,
AGE0004,AGE_ELIGIBILITY,ALL_INCLUDED,AGE_SCALE_THRESHOLD,STRUCTURED_65,ELIGIBILITY_CATEGORY,REQUIRES_EXPERT_DECISION,0,1218,39,0.0,,,Percent_Total uses all included records; evaluable percentage is in T02.,T02_AGE_ELIGIBILITY_THRESHOLDS.csv,
AGE0005,AGE_ELIGIBILITY,ALL_INCLUDED,AGE_SCALE_THRESHOLD,STRUCTURED_75,ELIGIBILITY_CATEGORY,YES,970,1218,39,79.638752,,,Percent_Total uses all included records; evaluable percentage is in T02.,T02_AGE_ELIGIBILITY_THRESHOLDS.csv,
AGE0006,AGE_ELIGIBILITY,ALL_INCLUDED,AGE_SCALE_THRESHOLD,STRUCTURED_75,ELIGIBILITY_CATEGORY,NO,209,1218,39,17.159278,,,Percent_Total uses all included records; evaluable percentage is in T02.,T02_AGE_ELIGIBILITY_THRESHOLDS.csv,
AGE0007,AGE_ELIGIBILITY,ALL_INCLUDED,AGE_SCALE_THRESHOLD,STRUCTURED_75,ELIGIBILITY_CATEGORY,UNKNOWN,39,1218,39,3.20197,,,Percent_Total uses all included records; evaluable percentage is in T02.,T02_AGE_ELIGIBILITY_THRESHOLDS.csv,
AGE0008,AGE_ELIGIBILITY,ALL_INCLUDED,AGE_SCALE_THRESHOLD,STRUCTURED_75,ELIGIBILITY_CATEGORY,REQUIRES_EXPERT_DECISION,0,1218,39,0.0,,,Percent_Total uses all included records; evaluable percentage is in T02.,T02_AGE_ELIGIBILITY_THRESHOLDS.csv,
AGE0009,AGE_ELIGIBILITY,ALL_INCLUDED,AGE_SCALE_THRESHOLD,STRUCTURED_80,ELIGIBILITY_CATEGORY,YES,915,1218,39,75.123153,,,Percent_Total uses all included records; evaluable percentage is in T02.,T02_AGE_ELIGIBILITY_THRESHOLDS.csv,
AGE0010,AGE_ELIGIBILITY,ALL_INCLUDED,AGE_SCALE_THRESHOLD,STRUCTURED_80,ELIGIBILITY_CATEGORY,NO,264,1218,39,21.674877,,,Percent_Total uses all included records; evaluable percentage is in T02.,T02_AGE_ELIGIBILITY_THRESHOLDS.csv,
AGE0011,AGE_ELIGIBILITY,ALL_INCLUDED,AGE_SCALE_THRESHOLD,STRUCTURED_80,ELIGIBILITY_CATEGORY,UNKNOWN,39,1218,39,3.20197,,,Percent_Total uses all included records; evaluable percentage is in T02.,T02_AGE_ELIGIBILITY_THRESHOLDS.csv,
AGE0012,AGE_ELIGIBILITY,ALL_INCLUDED,AGE_SCALE_THRESHOLD,STRUCTURED_80,ELIGIBILITY_CATEGORY,REQUIRES_EXPERT_DECISION,0,1218,39,0.0,,,Percent_Total uses all included records; evaluable percentage is in T02.,T02_AGE_ELIGIBILITY_THRESHOLDS.csv,
AGE0013,AGE_ELIGIBILITY,ALL_INCLUDED,AGE_SCALE_THRESHOLD,STRUCTURED_85,ELIGIBILITY_CATEGORY,YES,847,1218,39,69.54023,,,Percent_Total uses all included records; evaluable percentage is in T02.,T02_AGE_ELIGIBILITY_THRESHOLDS.csv,
AGE0014,AGE_ELIGIBILITY,ALL_INCLUDED,AGE_SCALE_THRESHOLD,STRUCTURED_85,ELIGIBILITY_CATEGORY,NO,332,1218,39,27.2578,,,Percent_Total uses all included records; evaluable percentage is in T02.,T02_AGE_ELIGIBILITY_THRESHOLDS.csv,
AGE0015,AGE_ELIGIBILITY,ALL_INCLUDED,AGE_SCALE_THRESHOLD,STRUCTURED_85,ELIGIBILITY_CATEGORY,UNKNOWN,39,1218,39,3.20197,,,Percent_Total uses all included records; evaluable percentage is in T02.,T02_AGE_ELIGIBILITY_THRESHOLDS.csv,
AGE0016,AGE_ELIGIBILITY,ALL_INCLUDED,AGE_SCALE_THRESHOLD,STRUCTURED_85,ELIGIBILITY_CATEGORY,REQUIRES_EXPERT_DECISION,0,1218,39,0.0,,,Percent_Total uses all included records; evaluable percentage is in T02.,T02_AGE_ELIGIBILITY_THRESHOLDS.csv,
AGE0017,AGE_ELIGIBILITY,ALL_INCLUDED,AGE_SCALE_THRESHOLD,RECONCILED_65,ELIGIBILITY_CATEGORY,YES,1103,1218,27,90.558292,,,Percent_Total uses all included records; evaluable percentage is in T02.,T02_AGE_ELIGIBILITY_THRESHOLDS.csv,
AGE0018,AGE_ELIGIBILITY,ALL_INCLUDED,AGE_SCALE_THRESHOLD,RECONCILED_65,ELIGIBILITY_CATEGORY,NO,88,1218,27,7.224959,,,Percent_Total uses all included records; evaluable percentage is in T02.,T02_AGE_ELIGIBILITY_THRESHOLDS.csv,
AGE0019,AGE_ELIGIBILITY,ALL_INCLUDED,AGE_SCALE_THRESHOLD,RECONCILED_65,ELIGIBILITY_CATEGORY,UNKNOWN,27,1218,27,2.216749,,,Percent_Total uses all included records; evaluable percentage is in T02.,T02_AGE_ELIGIBILITY_THRESHOLDS.csv,
AGE0020,AGE_ELIGIBILITY,ALL_INCLUDED,AGE_SCALE_THRESHOLD,RECONCILED_65,ELIGIBILITY_CATEGORY,REQUIRES_EXPERT_DECISION,0,1218,27,0.0,,,Percent_Total uses all included records; evaluable percentage is in T02.,T02_AGE_ELIGIBILITY_THRESHOLDS.csv,
AGE0021,AGE_ELIGIBILITY,ALL_INCLUDED,AGE_SCALE_THRESHOLD,RECONCILED_75,ELIGIBILITY_CATEGORY,YES,978,1218,27,80.295567,,,Percent_Total uses all included records; evaluable percentage is in T02.,T02_AGE_ELIGIBILITY_THRESHOLDS.csv,
AGE0022,AGE_ELIGIBILITY,ALL_INCLUDED,AGE_SCALE_THRESHOLD,RECONCILED_75,ELIGIBILITY_CATEGORY,NO,213,1218,27,17.487685,,,Percent_Total uses all included records; evaluable percentage is in T02.,T02_AGE_ELIGIBILITY_THRESHOLDS.csv,
AGE0023,AGE_ELIGIBILITY,ALL_INCLUDED,AGE_SCALE_THRESHOLD,RECONCILED_75,ELIGIBILITY_CATEGORY,UNKNOWN,27,1218,27,2.216749,,,Percent_Total uses all included records; evaluable percentage is in T02.,T02_AGE_ELIGIBILITY_THRESHOLDS.csv,
AGE0024,AGE_ELIGIBILITY,ALL_INCLUDED,AGE_SCALE_THRESHOLD,RECONCILED_75,ELIGIBILITY_CATEGORY,REQUIRES_EXPERT_DECISION,0,1218,27,0.0,,,Percent_Total uses all included records; evaluable percentage is in T02.,T02_AGE_ELIGIBILITY_THRESHOLDS.csv,
AGE0025,AGE_ELIGIBILITY,ALL_INCLUDED,AGE_SCALE_THRESHOLD,RECONCILED_80,ELIGIBILITY_CATEGORY,YES,925,1218,27,75.944171,,,Percent_Total uses all included records; evaluable percentage is in T02.,T02_AGE_ELIGIBILITY_THRESHOLDS.csv,
AGE0026,AGE_ELIGIBILITY,ALL_INCLUDED,AGE_SCALE_THRESHOLD,RECONCILED_80,ELIGIBILITY_CATEGORY,NO,266,1218,27,21.83908,,,Percent_Total uses all included records; evaluable percentage is in T02.,T02_AGE_ELIGIBILITY_THRESHOLDS.csv,
AGE0027,AGE_ELIGIBILITY,ALL_INCLUDED,AGE_SCALE_THRESHOLD,RECONCILED_80,ELIGIBILITY_CATEGORY,UNKNOWN,27,1218,27,2.216749,,,Percent_Total uses all included records; evaluable percentage is in T02.,T02_AGE_ELIGIBILITY_THRESHOLDS.csv,
AGE0028,AGE_ELIGIBILITY,ALL_INCLUDED,AGE_SCALE_THRESHOLD,RECONCILED_80,ELIGIBILITY_CATEGORY,REQUIRES_EXPERT_DECISION,0,1218,27,0.0,,,Percent_Total uses all included records; evaluable percentage is in T02.,T02_AGE_ELIGIBILITY_THRESHOLDS.csv,
AGE0029,AGE_ELIGIBILITY,ALL_INCLUDED,AGE_SCALE_THRESHOLD,RECONCILED_85,ELIGIBILITY_CATEGORY,YES,858,1218,27,70.44335,,,Percent_Total uses all included records; evaluable percentage is in T02.,T02_AGE_ELIGIBILITY_THRESHOLDS.csv,
AGE0030,AGE_ELIGIBILITY,ALL_INCLUDED,AGE_SCALE_THRESHOLD,RECONCILED_85,ELIGIBILITY_CATEGORY,NO,333,1218,27,27.339901,,,Percent_Total uses all included records; evaluable percentage is in T02.,T02_AGE_ELIGIBILITY_THRESHOLDS.csv,
AGE0031,AGE_ELIGIBILITY,ALL_INCLUDED,AGE_SCALE_THRESHOLD,RECONCILED_85,ELIGIBILITY_CATEGORY,UNKNOWN,27,1218,27,2.216749,,,Percent_Total uses all included records; evaluable percentage is in T02.,T02_AGE_ELIGIBILITY_THRESHOLDS.csv,
AGE0032,AGE_ELIGIBILITY,ALL_INCLUDED,AGE_SCALE_THRESHOLD,RECONCILED_85,ELIGIBILITY_CATEGORY,REQUIRES_EXPERT_DECISION,0,1218,27,0.0,,,Percent_Total uses all included records; evaluable percentage is in T02.,T02_AGE_ELIGIBILITY_THRESHOLDS.csv,
AGE0033,AGE_ELIGIBILITY,ALL_INCLUDED,STRUCTURED_UPPER_AGE_STATUS,ALL,STRUCTURED_UPPER_AGE_STATUS,FINITE_UPPER_LIMIT,456,1218,38,37.438424,,,,T02_AGE_ELIGIBILITY_THRESHOLDS.csv,
AGE0034,AGE_ELIGIBILITY,ALL_INCLUDED,STRUCTURED_UPPER_AGE_STATUS,ALL,STRUCTURED_UPPER_AGE_STATUS,NO_EXPLICIT_STRUCTURED_UPPER_LIMIT,724,1218,38,59.441708,,,,T02_AGE_ELIGIBILITY_THRESHOLDS.csv,
AGE0035,AGE_ELIGIBILITY,ALL_INCLUDED,STRUCTURED_UPPER_AGE_STATUS,ALL,STRUCTURED_UPPER_AGE_STATUS,UNKNOWN,38,1218,38,3.119869,,,,T02_AGE_ELIGIBILITY_THRESHOLDS.csv,
AGE0036,AGE_ELIGIBILITY,ALL_INCLUDED,AGE_FIELD_CONFLICT,ALL,AGE_FIELD_CONFLICT,FALSE,1186,1218,0,97.372742,,,,T02_AGE_ELIGIBILITY_THRESHOLDS.csv,
AGE0037,AGE_ELIGIBILITY,ALL_INCLUDED,AGE_FIELD_CONFLICT,ALL,AGE_FIELD_CONFLICT,TRUE,32,1218,0,2.627258,,,,T02_AGE_ELIGIBILITY_THRESHOLDS.csv,
AGE0038,AGE_ELIGIBILITY,ALL_INCLUDED,AGE_NUMERIC_FIELD,Minimum_Age_Years,MEDIAN,,,1218,39,,18.0,years,,T03_AGE_NUMERIC_SUMMARY.csv,
AGE0039,AGE_ELIGIBILITY,ALL_INCLUDED,AGE_NUMERIC_FIELD,Minimum_Age_Years,Q1,,,1218,39,,18.0,years,,T03_AGE_NUMERIC_SUMMARY.csv,
AGE0040,AGE_ELIGIBILITY,ALL_INCLUDED,AGE_NUMERIC_FIELD,Minimum_Age_Years,Q3,,,1218,39,,18.0,years,,T03_AGE_NUMERIC_SUMMARY.csv,
AGE0041,AGE_ELIGIBILITY,ALL_INCLUDED,AGE_NUMERIC_FIELD,Minimum_Age_Years,MINIMUM,,,1218,39,,0.0,years,,T03_AGE_NUMERIC_SUMMARY.csv,
AGE0042,AGE_ELIGIBILITY,ALL_INCLUDED,AGE_NUMERIC_FIELD,Minimum_Age_Years,MAXIMUM,,,1218,39,,75.0,years,,T03_AGE_NUMERIC_SUMMARY.csv,
AGE0043,AGE_ELIGIBILITY,ALL_INCLUDED,AGE_NUMERIC_FIELD,Maximum_Age_Years,MEDIAN,,,1218,762,,75.0,years,,T03_AGE_NUMERIC_SUMMARY.csv,
AGE0044,AGE_ELIGIBILITY,ALL_INCLUDED,AGE_NUMERIC_FIELD,Maximum_Age_Years,Q1,,,1218,762,,65.0,years,,T03_AGE_NUMERIC_SUMMARY.csv,
AGE0045,AGE_ELIGIBILITY,ALL_INCLUDED,AGE_NUMERIC_FIELD,Maximum_Age_Years,Q3,,,1218,762,,85.0,years,,T03_AGE_NUMERIC_SUMMARY.csv,
AGE0046,AGE_ELIGIBILITY,ALL_INCLUDED,AGE_NUMERIC_FIELD,Maximum_Age_Years,MINIMUM,,,1218,762,,18.0,years,,T03_AGE_NUMERIC_SUMMARY.csv,
AGE0047,AGE_ELIGIBILITY,ALL_INCLUDED,AGE_NUMERIC_FIELD,Maximum_Age_Years,MAXIMUM,,,1218,762,,130.0,years,,T03_AGE_NUMERIC_SUMMARY.csv,
GER0001,GERIATRIC_DOMAINS,ALL_INCLUDED,DOMAIN_ID,frailty_direct,DOMAIN_CODE,NOT_PUBLICLY_SPECIFIED,1175,1218,32,96.469622,,,,T05_GERIATRIC_DOMAIN_CODES.csv,
GER0002,GERIATRIC_DOMAINS,ALL_INCLUDED,DOMAIN_ID,frailty_direct,DOMAIN_CODE,PRESENT,11,1218,32,0.90312,,,,T05_GERIATRIC_DOMAIN_CODES.csv,
GER0003,GERIATRIC_DOMAINS,ALL_INCLUDED,DOMAIN_ID,frailty_direct,DOMAIN_CODE,REQUIRES_EXPERT_DECISION,32,1218,32,2.627258,,,,T05_GERIATRIC_DOMAIN_CODES.csv,
GER0004,GERIATRIC_DOMAINS,ALL_INCLUDED,DOMAIN_ID,mobility_adl_function,DOMAIN_CODE,NOT_PUBLICLY_SPECIFIED,763,1218,164,62.643678,,,,T05_GERIATRIC_DOMAIN_CODES.csv,
GER0005,GERIATRIC_DOMAINS,ALL_INCLUDED,DOMAIN_ID,mobility_adl_function,DOMAIN_CODE,PRESENT,291,1218,164,23.891626,,,,T05_GERIATRIC_DOMAIN_CODES.csv,
GER0006,GERIATRIC_DOMAINS,ALL_INCLUDED,DOMAIN_ID,mobility_adl_function,DOMAIN_CODE,REQUIRES_EXPERT_DECISION,164,1218,164,13.464696,,,,T05_GERIATRIC_DOMAIN_CODES.csv,
GER0007,GERIATRIC_DOMAINS,ALL_INCLUDED,DOMAIN_ID,cognition_decision_capacity,DOMAIN_CODE,NOT_PUBLICLY_SPECIFIED,925,1218,136,75.944171,,,,T05_GERIATRIC_DOMAIN_CODES.csv,
GER0008,GERIATRIC_DOMAINS,ALL_INCLUDED,DOMAIN_ID,cognition_decision_capacity,DOMAIN_CODE,PRESENT,157,1218,136,12.889984,,,,T05_GERIATRIC_DOMAIN_CODES.csv,
GER0009,GERIATRIC_DOMAINS,ALL_INCLUDED,DOMAIN_ID,cognition_decision_capacity,DOMAIN_CODE,REQUIRES_EXPERT_DECISION,136,1218,136,11.165846,,,,T05_GERIATRIC_DOMAIN_CODES.csv,
GER0010,GERIATRIC_DOMAINS,ALL_INCLUDED,DOMAIN_ID,proxy_consent_pathway,DOMAIN_CODE,NOT_PUBLICLY_SPECIFIED,1049,1218,140,86.124795,,,,T05_GERIATRIC_DOMAIN_CODES.csv,
GER0011,GERIATRIC_DOMAINS,ALL_INCLUDED,DOMAIN_ID,proxy_consent_pathway,DOMAIN_CODE,PRESENT,29,1218,140,2.380952,,,,T05_GERIATRIC_DOMAIN_CODES.csv,
GER0012,GERIATRIC_DOMAINS,ALL_INCLUDED,DOMAIN_ID,proxy_consent_pathway,DOMAIN_CODE,REQUIRES_EXPERT_DECISION,140,1218,140,11.494253,,,,T05_GERIATRIC_DOMAIN_CODES.csv,
GER0013,GERIATRIC_DOMAINS,ALL_INCLUDED,DOMAIN_ID,nutrition_malnutrition,DOMAIN_CODE,NOT_PUBLICLY_SPECIFIED,897,1218,216,73.64532,,,,T05_GERIATRIC_DOMAIN_CODES.csv,
GER0014,GERIATRIC_DOMAINS,ALL_INCLUDED,DOMAIN_ID,nutrition_malnutrition,DOMAIN_CODE,PRESENT,105,1218,216,8.62069,,,,T05_GERIATRIC_DOMAIN_CODES.csv,
GER0015,GERIATRIC_DOMAINS,ALL_INCLUDED,DOMAIN_ID,nutrition_malnutrition,DOMAIN_CODE,REQUIRES_EXPERT_DECISION,216,1218,216,17.73399,,,,T05_GERIATRIC_DOMAIN_CODES.csv,
GER0016,GERIATRIC_DOMAINS,ALL_INCLUDED,DOMAIN_ID,multimorbidity_burden,DOMAIN_CODE,NOT_PUBLICLY_SPECIFIED,1147,1218,64,94.170772,,,,T05_GERIATRIC_DOMAIN_CODES.csv,
GER0017,GERIATRIC_DOMAINS,ALL_INCLUDED,DOMAIN_ID,multimorbidity_burden,DOMAIN_CODE,PRESENT,7,1218,64,0.574713,,,,T05_GERIATRIC_DOMAIN_CODES.csv,
GER0018,GERIATRIC_DOMAINS,ALL_INCLUDED,DOMAIN_ID,multimorbidity_burden,DOMAIN_CODE,REQUIRES_EXPERT_DECISION,64,1218,64,5.254516,,,,T05_GERIATRIC_DOMAIN_CODES.csv,
GER0019,GERIATRIC_DOMAINS,ALL_INCLUDED,DOMAIN_ID,life_expectancy_advanced_illness,DOMAIN_CODE,NOT_PUBLICLY_SPECIFIED,1061,1218,22,87.110016,,,,T05_GERIATRIC_DOMAIN_CODES.csv,
GER0020,GERIATRIC_DOMAINS,ALL_INCLUDED,DOMAIN_ID,life_expectancy_advanced_illness,DOMAIN_CODE,PRESENT,135,1218,22,11.083744,,,,T05_GERIATRIC_DOMAIN_CODES.csv,
GER0021,GERIATRIC_DOMAINS,ALL_INCLUDED,DOMAIN_ID,life_expectancy_advanced_illness,DOMAIN_CODE,REQUIRES_EXPERT_DECISION,22,1218,22,1.80624,,,,T05_GERIATRIC_DOMAIN_CODES.csv,
GER0022,GERIATRIC_DOMAINS,ALL_INCLUDED,DOMAIN_ID,care_setting_caregiver,DOMAIN_CODE,NOT_PUBLICLY_SPECIFIED,1009,1218,157,82.840722,,,,T05_GERIATRIC_DOMAIN_CODES.csv,
GER0023,GERIATRIC_DOMAINS,ALL_INCLUDED,DOMAIN_ID,care_setting_caregiver,DOMAIN_CODE,PRESENT,52,1218,157,4.269294,,,,T05_GERIATRIC_DOMAIN_CODES.csv,
GER0024,GERIATRIC_DOMAINS,ALL_INCLUDED,DOMAIN_ID,care_setting_caregiver,DOMAIN_CODE,REQUIRES_EXPERT_DECISION,157,1218,157,12.889984,,,,T05_GERIATRIC_DOMAIN_CODES.csv,
GER0025,GERIATRIC_DOMAINS,ALL_INCLUDED,DOMAIN_ID,polypharmacy_medication_burden,DOMAIN_CODE,NOT_PUBLICLY_SPECIFIED,1200,1218,17,98.522167,,,,T05_GERIATRIC_DOMAIN_CODES.csv,
GER0026,GERIATRIC_DOMAINS,ALL_INCLUDED,DOMAIN_ID,polypharmacy_medication_burden,DOMAIN_CODE,PRESENT,1,1218,17,0.082102,,,,T05_GERIATRIC_DOMAIN_CODES.csv,
GER0027,GERIATRIC_DOMAINS,ALL_INCLUDED,DOMAIN_ID,polypharmacy_medication_burden,DOMAIN_CODE,REQUIRES_EXPERT_DECISION,17,1218,17,1.395731,,,,T05_GERIATRIC_DOMAIN_CODES.csv,
GER0028,GERIATRIC_COMPOSITE,ALL_INCLUDED,COMPOSITE,PRIMARY_EIGHT_DOMAIN_ANY_PRESENT,COMPOSITE_STATUS,YES,575,1218,319,47.208539,,,,T06_GERIATRIC_COMPOSITES.csv,
GER0029,GERIATRIC_COMPOSITE,ALL_INCLUDED,COMPOSITE,PRIMARY_EIGHT_DOMAIN_ANY_PRESENT,COMPOSITE_STATUS,NO,324,1218,319,26.600985,,,,T06_GERIATRIC_COMPOSITES.csv,
GER0030,GERIATRIC_COMPOSITE,ALL_INCLUDED,COMPOSITE,PRIMARY_EIGHT_DOMAIN_ANY_PRESENT,COMPOSITE_STATUS,UNKNOWN,319,1218,319,26.190476,,,,T06_GERIATRIC_COMPOSITES.csv,
GER0031,GERIATRIC_COMPOSITE,ALL_INCLUDED,COMPOSITE,ALL_NINE_DOMAIN_ANY_PRESENT,COMPOSITE_STATUS,YES,575,1218,322,47.208539,,,,T06_GERIATRIC_COMPOSITES.csv,
GER0032,GERIATRIC_COMPOSITE,ALL_INCLUDED,COMPOSITE,ALL_NINE_DOMAIN_ANY_PRESENT,COMPOSITE_STATUS,NO,321,1218,322,26.35468,,,,T06_GERIATRIC_COMPOSITES.csv,
GER0033,GERIATRIC_COMPOSITE,ALL_INCLUDED,COMPOSITE,ALL_NINE_DOMAIN_ANY_PRESENT,COMPOSITE_STATUS,UNKNOWN,322,1218,322,26.436782,,,,T06_GERIATRIC_COMPOSITES.csv,
GER0034,GERIATRIC_COMPOSITE,ALL_INCLUDED,COMPOSITE,PROXY_CONSENT_PATHWAY_PRESENT,COMPOSITE_STATUS,YES,29,1218,140,2.380952,,,,T06_GERIATRIC_COMPOSITES.csv,
GER0035,GERIATRIC_COMPOSITE,ALL_INCLUDED,COMPOSITE,PROXY_CONSENT_PATHWAY_PRESENT,COMPOSITE_STATUS,NO,1049,1218,140,86.124795,,,,T06_GERIATRIC_COMPOSITES.csv,
GER0036,GERIATRIC_COMPOSITE,ALL_INCLUDED,COMPOSITE,PROXY_CONSENT_PATHWAY_PRESENT,COMPOSITE_STATUS,UNKNOWN,140,1218,140,11.494253,,,,T06_GERIATRIC_COMPOSITES.csv,
OUT0001,OUTCOME_COVERAGE,COREVEN_APPLICABLE,COVERAGE_WINDOW,PRIMARY_ONLY,DOMAIN_PRESENT,healing,86,304,19,28.289474,,,,T07_COREVEN_COVERAGE.csv,COREVEN
OUT0002,OUTCOME_COVERAGE,COREVEN_APPLICABLE,COVERAGE_WINDOW,PRIMARY_ONLY,DOMAIN_PRESENT,pain,31,304,20,10.197368,,,,T07_COREVEN_COVERAGE.csv,COREVEN
OUT0003,OUTCOME_COVERAGE,COREVEN_APPLICABLE,COVERAGE_WINDOW,PRIMARY_ONLY,DOMAIN_PRESENT,quality_of_life,5,304,21,1.644737,,,,T07_COREVEN_COVERAGE.csv,COREVEN
OUT0004,OUTCOME_COVERAGE,COREVEN_APPLICABLE,COVERAGE_WINDOW,PRIMARY_ONLY,DOMAIN_PRESENT,resource_use,1,304,22,0.328947,,,,T07_COREVEN_COVERAGE.csv,COREVEN
OUT0005,OUTCOME_COVERAGE,COREVEN_APPLICABLE,COVERAGE_WINDOW,PRIMARY_ONLY,DOMAIN_PRESENT,adverse_events,45,304,18,14.802632,,,,T07_COREVEN_COVERAGE.csv,COREVEN
OUT0006,OUTCOME_COVERAGE,COREVEN_APPLICABLE,COVERAGE_WINDOW,PRIMARY_ONLY,ALL_DOMAINS_PRESENT,YES,0,304,22,0.0,,,,T09_OUTCOME_COVERAGE_SCORES.csv,COREVEN
OUT0007,OUTCOME_COVERAGE,COREVEN_APPLICABLE,COVERAGE_WINDOW,PRIMARY_ONLY,ALL_DOMAINS_PRESENT,NO,282,304,22,92.763158,,,,T09_OUTCOME_COVERAGE_SCORES.csv,COREVEN
OUT0008,OUTCOME_COVERAGE,COREVEN_APPLICABLE,COVERAGE_WINDOW,PRIMARY_ONLY,ALL_DOMAINS_PRESENT,UNKNOWN,22,304,22,7.236842,,,,T09_OUTCOME_COVERAGE_SCORES.csv,COREVEN
OUT0009,OUTCOME_COVERAGE,COREVEN_APPLICABLE,COVERAGE_WINDOW,ANY_PLANNED,DOMAIN_PRESENT,healing,129,304,36,42.434211,,,,T07_COREVEN_COVERAGE.csv,COREVEN
OUT0010,OUTCOME_COVERAGE,COREVEN_APPLICABLE,COVERAGE_WINDOW,ANY_PLANNED,DOMAIN_PRESENT,pain,115,304,25,37.828947,,,,T07_COREVEN_COVERAGE.csv,COREVEN
OUT0011,OUTCOME_COVERAGE,COREVEN_APPLICABLE,COVERAGE_WINDOW,ANY_PLANNED,DOMAIN_PRESENT,quality_of_life,79,304,40,25.986842,,,,T07_COREVEN_COVERAGE.csv,COREVEN
OUT0012,OUTCOME_COVERAGE,COREVEN_APPLICABLE,COVERAGE_WINDOW,ANY_PLANNED,DOMAIN_PRESENT,resource_use,17,304,58,5.592105,,,,T07_COREVEN_COVERAGE.csv,COREVEN
OUT0013,OUTCOME_COVERAGE,COREVEN_APPLICABLE,COVERAGE_WINDOW,ANY_PLANNED,DOMAIN_PRESENT,adverse_events,112,304,32,36.842105,,,,T07_COREVEN_COVERAGE.csv,COREVEN
OUT0014,OUTCOME_COVERAGE,COREVEN_APPLICABLE,COVERAGE_WINDOW,ANY_PLANNED,ALL_DOMAINS_PRESENT,YES,2,304,61,0.657895,,,,T09_OUTCOME_COVERAGE_SCORES.csv,COREVEN
OUT0015,OUTCOME_COVERAGE,COREVEN_APPLICABLE,COVERAGE_WINDOW,ANY_PLANNED,ALL_DOMAINS_PRESENT,NO,241,304,61,79.276316,,,,T09_OUTCOME_COVERAGE_SCORES.csv,COREVEN
OUT0016,OUTCOME_COVERAGE,COREVEN_APPLICABLE,COVERAGE_WINDOW,ANY_PLANNED,ALL_DOMAINS_PRESENT,UNKNOWN,61,304,61,20.065789,,,,T09_OUTCOME_COVERAGE_SCORES.csv,COREVEN
OUT0017,OUTCOME_COVERAGE,OUTPUTS_APPLICABLE,COVERAGE_WINDOW,PRIMARY_ONLY,DOMAIN_PRESENT,pressure_injury_occurrence,34,184,22,18.478261,,,,T08_OUTPUTS_COVERAGE.csv,OUTPUTS
OUT0018,OUTCOME_COVERAGE,OUTPUTS_APPLICABLE,COVERAGE_WINDOW,PRIMARY_ONLY,DOMAIN_PRESENT,precursor_signs_symptoms,3,184,23,1.630435,,,,T08_OUTPUTS_COVERAGE.csv,OUTPUTS
OUT0019,OUTCOME_COVERAGE,OUTPUTS_APPLICABLE,COVERAGE_WINDOW,PRIMARY_ONLY,DOMAIN_PRESENT,mobility,16,184,23,8.695652,,,,T08_OUTPUTS_COVERAGE.csv,OUTPUTS
OUT0020,OUTCOME_COVERAGE,OUTPUTS_APPLICABLE,COVERAGE_WINDOW,PRIMARY_ONLY,DOMAIN_PRESENT,acceptability_comfort,6,184,23,3.26087,,,,T08_OUTPUTS_COVERAGE.csv,OUTPUTS
OUT0021,OUTCOME_COVERAGE,OUTPUTS_APPLICABLE,COVERAGE_WINDOW,PRIMARY_ONLY,DOMAIN_PRESENT,adherence_compliance,1,184,23,0.543478,,,,T08_OUTPUTS_COVERAGE.csv,OUTPUTS
OUT0022,OUTCOME_COVERAGE,OUTPUTS_APPLICABLE,COVERAGE_WINDOW,PRIMARY_ONLY,DOMAIN_PRESENT,adverse_events_safety,11,184,23,5.978261,,,,T08_OUTPUTS_COVERAGE.csv,OUTPUTS
OUT0023,OUTCOME_COVERAGE,OUTPUTS_APPLICABLE,COVERAGE_WINDOW,PRIMARY_ONLY,ALL_DOMAINS_PRESENT,YES,0,184,23,0.0,,,,T09_OUTCOME_COVERAGE_SCORES.csv,OUTPUTS
OUT0024,OUTCOME_COVERAGE,OUTPUTS_APPLICABLE,COVERAGE_WINDOW,PRIMARY_ONLY,ALL_DOMAINS_PRESENT,NO,161,184,23,87.5,,,,T09_OUTCOME_COVERAGE_SCORES.csv,OUTPUTS
OUT0025,OUTCOME_COVERAGE,OUTPUTS_APPLICABLE,COVERAGE_WINDOW,PRIMARY_ONLY,ALL_DOMAINS_PRESENT,UNKNOWN,23,184,23,12.5,,,,T09_OUTCOME_COVERAGE_SCORES.csv,OUTPUTS
OUT0026,OUTCOME_COVERAGE,OUTPUTS_APPLICABLE,COVERAGE_WINDOW,ANY_PLANNED,DOMAIN_PRESENT,pressure_injury_occurrence,40,184,29,21.73913,,,,T08_OUTPUTS_COVERAGE.csv,OUTPUTS
OUT0027,OUTCOME_COVERAGE,OUTPUTS_APPLICABLE,COVERAGE_WINDOW,ANY_PLANNED,DOMAIN_PRESENT,precursor_signs_symptoms,4,184,33,2.173913,,,,T08_OUTPUTS_COVERAGE.csv,OUTPUTS
OUT0028,OUTCOME_COVERAGE,OUTPUTS_APPLICABLE,COVERAGE_WINDOW,ANY_PLANNED,DOMAIN_PRESENT,mobility,29,184,28,15.76087,,,,T08_OUTPUTS_COVERAGE.csv,OUTPUTS
OUT0029,OUTCOME_COVERAGE,OUTPUTS_APPLICABLE,COVERAGE_WINDOW,ANY_PLANNED,DOMAIN_PRESENT,acceptability_comfort,23,184,28,12.5,,,,T08_OUTPUTS_COVERAGE.csv,OUTPUTS
OUT0030,OUTCOME_COVERAGE,OUTPUTS_APPLICABLE,COVERAGE_WINDOW,ANY_PLANNED,DOMAIN_PRESENT,adherence_compliance,4,184,33,2.173913,,,,T08_OUTPUTS_COVERAGE.csv,OUTPUTS
OUT0031,OUTCOME_COVERAGE,OUTPUTS_APPLICABLE,COVERAGE_WINDOW,ANY_PLANNED,DOMAIN_PRESENT,adverse_events_safety,22,184,27,11.956522,,,,T08_OUTPUTS_COVERAGE.csv,OUTPUTS
OUT0032,OUTCOME_COVERAGE,OUTPUTS_APPLICABLE,COVERAGE_WINDOW,ANY_PLANNED,ALL_DOMAINS_PRESENT,YES,0,184,33,0.0,,,,T09_OUTCOME_COVERAGE_SCORES.csv,OUTPUTS
OUT0033,OUTCOME_COVERAGE,OUTPUTS_APPLICABLE,COVERAGE_WINDOW,ANY_PLANNED,ALL_DOMAINS_PRESENT,NO,151,184,33,82.065217,,,,T09_OUTCOME_COVERAGE_SCORES.csv,OUTPUTS
OUT0034,OUTCOME_COVERAGE,OUTPUTS_APPLICABLE,COVERAGE_WINDOW,ANY_PLANNED,ALL_DOMAINS_PRESENT,UNKNOWN,33,184,33,17.934783,,,,T09_OUTCOME_COVERAGE_SCORES.csv,OUTPUTS
CHR00001,TRIAL_CHARACTERISTICS,ALL_INCLUDED,Study_Type,ALL,CATEGORY_COUNT,INTERVENTIONAL,1218,1218,0,100.0,,,,T11_TRIAL_CHARACTERISTICS.csv,
CHR00002,TRIAL_CHARACTERISTICS,ALL_INCLUDED,Randomized,ALL,CATEGORY_COUNT,NO,407,1218,2,33.415435,,,,T11_TRIAL_CHARACTERISTICS.csv,
CHR00003,TRIAL_CHARACTERISTICS,ALL_INCLUDED,Randomized,ALL,CATEGORY_COUNT,UNKNOWN,2,1218,2,0.164204,,,,T11_TRIAL_CHARACTERISTICS.csv,
CHR00004,TRIAL_CHARACTERISTICS,ALL_INCLUDED,Randomized,ALL,CATEGORY_COUNT,YES,809,1218,2,66.420361,,,,T11_TRIAL_CHARACTERISTICS.csv,
CHR00005,TRIAL_CHARACTERISTICS,ALL_INCLUDED,Industry_Role,ALL,CATEGORY_COUNT,INDUSTRY_COLLABORATOR,74,1218,0,6.075534,,,,T11_TRIAL_CHARACTERISTICS.csv,
CHR00006,TRIAL_CHARACTERISTICS,ALL_INCLUDED,Industry_Role,ALL,CATEGORY_COUNT,INDUSTRY_LEAD,374,1218,0,30.706076,,,,T11_TRIAL_CHARACTERISTICS.csv,
CHR00007,TRIAL_CHARACTERISTICS,ALL_INCLUDED,Industry_Role,ALL,CATEGORY_COUNT,NO_RECORDED_INDUSTRY_ROLE,770,1218,0,63.218391,,,,T11_TRIAL_CHARACTERISTICS.csv,
CHR00008,TRIAL_CHARACTERISTICS,ALL_INCLUDED,Device_Study,ALL,CATEGORY_COUNT,NO,623,1218,0,51.149425,,,,T11_TRIAL_CHARACTERISTICS.csv,
CHR00009,TRIAL_CHARACTERISTICS,ALL_INCLUDED,Device_Study,ALL,CATEGORY_COUNT,YES,595,1218,0,48.850575,,,,T11_TRIAL_CHARACTERISTICS.csv,
CHR00010,TRIAL_CHARACTERISTICS,ALL_INCLUDED,Country_Scope,ALL,CATEGORY_COUNT,MULTICOUNTRY,96,1218,102,7.881773,,,,T11_TRIAL_CHARACTERISTICS.csv,
CHR00011,TRIAL_CHARACTERISTICS,ALL_INCLUDED,Country_Scope,ALL,CATEGORY_COUNT,SINGLE_COUNTRY,1020,1218,102,83.743842,,,,T11_TRIAL_CHARACTERISTICS.csv,
CHR00012,TRIAL_CHARACTERISTICS,ALL_INCLUDED,Country_Scope,ALL,CATEGORY_COUNT,UNKNOWN,102,1218,102,8.374384,,,,T11_TRIAL_CHARACTERISTICS.csv,
CHR00013,TRIAL_CHARACTERISTICS,ALL_INCLUDED,US_Center,ALL,CATEGORY_COUNT,NO,630,1218,102,51.724138,,,,T11_TRIAL_CHARACTERISTICS.csv,
CHR00014,TRIAL_CHARACTERISTICS,ALL_INCLUDED,US_Center,ALL,CATEGORY_COUNT,UNKNOWN,102,1218,102,8.374384,,,,T11_TRIAL_CHARACTERISTICS.csv,
CHR00015,TRIAL_CHARACTERISTICS,ALL_INCLUDED,US_Center,ALL,CATEGORY_COUNT,YES,486,1218,102,39.901478,,,,T11_TRIAL_CHARACTERISTICS.csv,
CHR00016,TRIAL_CHARACTERISTICS,ALL_INCLUDED,Registration_Timing,ALL,CATEGORY_COUNT,PROSPECTIVE_OR_SAME_DAY,698,1218,1,57.307061,,,,T11_TRIAL_CHARACTERISTICS.csv,
CHR00017,TRIAL_CHARACTERISTICS,ALL_INCLUDED,Registration_Timing,ALL,CATEGORY_COUNT,RETROSPECTIVE,519,1218,1,42.610837,,,,T11_TRIAL_CHARACTERISTICS.csv,
CHR00018,TRIAL_CHARACTERISTICS,ALL_INCLUDED,Registration_Timing,ALL,CATEGORY_COUNT,UNKNOWN,1,1218,1,0.082102,,,,T11_TRIAL_CHARACTERISTICS.csv,
CHR00019,TRIAL_CHARACTERISTICS,ALL_INCLUDED,Overall_Status,ALL,CATEGORY_COUNT,ACTIVE_NOT_RECRUITING,29,1218,199,2.380952,,,,T11_TRIAL_CHARACTERISTICS.csv,
CHR00020,TRIAL_CHARACTERISTICS,ALL_INCLUDED,Overall_Status,ALL,CATEGORY_COUNT,COMPLETED,590,1218,199,48.440066,,,,T11_TRIAL_CHARACTERISTICS.csv,
CHR00021,TRIAL_CHARACTERISTICS,ALL_INCLUDED,Overall_Status,ALL,CATEGORY_COUNT,ENROLLING_BY_INVITATION,7,1218,199,0.574713,,,,T11_TRIAL_CHARACTERISTICS.csv,
CHR00022,TRIAL_CHARACTERISTICS,ALL_INCLUDED,Overall_Status,ALL,CATEGORY_COUNT,NOT_YET_RECRUITING,47,1218,199,3.858785,,,,T11_TRIAL_CHARACTERISTICS.csv,
CHR00023,TRIAL_CHARACTERISTICS,ALL_INCLUDED,Overall_Status,ALL,CATEGORY_COUNT,RECRUITING,165,1218,199,13.546798,,,,T11_TRIAL_CHARACTERISTICS.csv,
CHR00024,TRIAL_CHARACTERISTICS,ALL_INCLUDED,Overall_Status,ALL,CATEGORY_COUNT,SUSPENDED,5,1218,199,0.410509,,,,T11_TRIAL_CHARACTERISTICS.csv,
CHR00025,TRIAL_CHARACTERISTICS,ALL_INCLUDED,Overall_Status,ALL,CATEGORY_COUNT,TERMINATED,129,1218,199,10.591133,,,,T11_TRIAL_CHARACTERISTICS.csv,
CHR00026,TRIAL_CHARACTERISTICS,ALL_INCLUDED,Overall_Status,ALL,CATEGORY_COUNT,UNKNOWN,199,1218,199,16.338259,,,,T11_TRIAL_CHARACTERISTICS.csv,
CHR00027,TRIAL_CHARACTERISTICS,ALL_INCLUDED,Overall_Status,ALL,CATEGORY_COUNT,WITHDRAWN,47,1218,199,3.858785,,,,T11_TRIAL_CHARACTERISTICS.csv,
CHR00028,TRIAL_CHARACTERISTICS,ALL_INCLUDED,Period,ALL,CATEGORY_COUNT,2008-2016,440,1218,0,36.124795,,,,T11_TRIAL_CHARACTERISTICS.csv,
CHR00029,TRIAL_CHARACTERISTICS,ALL_INCLUDED,Period,ALL,CATEGORY_COUNT,2017-2018,134,1218,0,11.001642,,,,T11_TRIAL_CHARACTERISTICS.csv,
CHR00030,TRIAL_CHARACTERISTICS,ALL_INCLUDED,Period,ALL,CATEGORY_COUNT,2019-2025,644,1218,0,52.873563,,,,T11_TRIAL_CHARACTERISTICS.csv,
CHR00031,TRIAL_CHARACTERISTICS,ALL_INCLUDED,Adult_Relevant_Registry,ALL,CATEGORY_COUNT,YES,1218,1218,0,100.0,,,,T11_TRIAL_CHARACTERISTICS.csv,
CHR00032,TRIAL_CHARACTERISTICS,ADULT_RELEVANT_REGISTRY,Study_Type,ALL,CATEGORY_COUNT,INTERVENTIONAL,1218,1218,0,100.0,,,,T11_TRIAL_CHARACTERISTICS.csv,
CHR00033,TRIAL_CHARACTERISTICS,ADULT_RELEVANT_REGISTRY,Randomized,ALL,CATEGORY_COUNT,NO,407,1218,2,33.415435,,,,T11_TRIAL_CHARACTERISTICS.csv,
CHR00034,TRIAL_CHARACTERISTICS,ADULT_RELEVANT_REGISTRY,Randomized,ALL,CATEGORY_COUNT,UNKNOWN,2,1218,2,0.164204,,,,T11_TRIAL_CHARACTERISTICS.csv,
CHR00035,TRIAL_CHARACTERISTICS,ADULT_RELEVANT_REGISTRY,Randomized,ALL,CATEGORY_COUNT,YES,809,1218,2,66.420361,,,,T11_TRIAL_CHARACTERISTICS.csv,
CHR00036,TRIAL_CHARACTERISTICS,ADULT_RELEVANT_REGISTRY,Industry_Role,ALL,CATEGORY_COUNT,INDUSTRY_COLLABORATOR,74,1218,0,6.075534,,,,T11_TRIAL_CHARACTERISTICS.csv,
CHR00037,TRIAL_CHARACTERISTICS,ADULT_RELEVANT_REGISTRY,Industry_Role,ALL,CATEGORY_COUNT,INDUSTRY_LEAD,374,1218,0,30.706076,,,,T11_TRIAL_CHARACTERISTICS.csv,
CHR00038,TRIAL_CHARACTERISTICS,ADULT_RELEVANT_REGISTRY,Industry_Role,ALL,CATEGORY_COUNT,NO_RECORDED_INDUSTRY_ROLE,770,1218,0,63.218391,,,,T11_TRIAL_CHARACTERISTICS.csv,
CHR00039,TRIAL_CHARACTERISTICS,ADULT_RELEVANT_REGISTRY,Device_Study,ALL,CATEGORY_COUNT,NO,623,1218,0,51.149425,,,,T11_TRIAL_CHARACTERISTICS.csv,
CHR00040,TRIAL_CHARACTERISTICS,ADULT_RELEVANT_REGISTRY,Device_Study,ALL,CATEGORY_COUNT,YES,595,1218,0,48.850575,,,,T11_TRIAL_CHARACTERISTICS.csv,
CHR00041,TRIAL_CHARACTERISTICS,ADULT_RELEVANT_REGISTRY,Country_Scope,ALL,CATEGORY_COUNT,MULTICOUNTRY,96,1218,102,7.881773,,,,T11_TRIAL_CHARACTERISTICS.csv,
CHR00042,TRIAL_CHARACTERISTICS,ADULT_RELEVANT_REGISTRY,Country_Scope,ALL,CATEGORY_COUNT,SINGLE_COUNTRY,1020,1218,102,83.743842,,,,T11_TRIAL_CHARACTERISTICS.csv,
CHR00043,TRIAL_CHARACTERISTICS,ADULT_RELEVANT_REGISTRY,Country_Scope,ALL,CATEGORY_COUNT,UNKNOWN,102,1218,102,8.374384,,,,T11_TRIAL_CHARACTERISTICS.csv,
CHR00044,TRIAL_CHARACTERISTICS,ADULT_RELEVANT_REGISTRY,US_Center,ALL,CATEGORY_COUNT,NO,630,1218,102,51.724138,,,,T11_TRIAL_CHARACTERISTICS.csv,
CHR00045,TRIAL_CHARACTERISTICS,ADULT_RELEVANT_REGISTRY,US_Center,ALL,CATEGORY_COUNT,UNKNOWN,102,1218,102,8.374384,,,,T11_TRIAL_CHARACTERISTICS.csv,
CHR00046,TRIAL_CHARACTERISTICS,ADULT_RELEVANT_REGISTRY,US_Center,ALL,CATEGORY_COUNT,YES,486,1218,102,39.901478,,,,T11_TRIAL_CHARACTERISTICS.csv,
CHR00047,TRIAL_CHARACTERISTICS,ADULT_RELEVANT_REGISTRY,Registration_Timing,ALL,CATEGORY_COUNT,PROSPECTIVE_OR_SAME_DAY,698,1218,1,57.307061,,,,T11_TRIAL_CHARACTERISTICS.csv,
CHR00048,TRIAL_CHARACTERISTICS,ADULT_RELEVANT_REGISTRY,Registration_Timing,ALL,CATEGORY_COUNT,RETROSPECTIVE,519,1218,1,42.610837,,,,T11_TRIAL_CHARACTERISTICS.csv,
CHR00049,TRIAL_CHARACTERISTICS,ADULT_RELEVANT_REGISTRY,Registration_Timing,ALL,CATEGORY_COUNT,UNKNOWN,1,1218,1,0.082102,,,,T11_TRIAL_CHARACTERISTICS.csv,
CHR00050,TRIAL_CHARACTERISTICS,ADULT_RELEVANT_REGISTRY,Overall_Status,ALL,CATEGORY_COUNT,ACTIVE_NOT_RECRUITING,29,1218,199,2.380952,,,,T11_TRIAL_CHARACTERISTICS.csv,
CHR00051,TRIAL_CHARACTERISTICS,ADULT_RELEVANT_REGISTRY,Overall_Status,ALL,CATEGORY_COUNT,COMPLETED,590,1218,199,48.440066,,,,T11_TRIAL_CHARACTERISTICS.csv,
CHR00052,TRIAL_CHARACTERISTICS,ADULT_RELEVANT_REGISTRY,Overall_Status,ALL,CATEGORY_COUNT,ENROLLING_BY_INVITATION,7,1218,199,0.574713,,,,T11_TRIAL_CHARACTERISTICS.csv,
CHR00053,TRIAL_CHARACTERISTICS,ADULT_RELEVANT_REGISTRY,Overall_Status,ALL,CATEGORY_COUNT,NOT_YET_RECRUITING,47,1218,199,3.858785,,,,T11_TRIAL_CHARACTERISTICS.csv,
CHR00054,TRIAL_CHARACTERISTICS,ADULT_RELEVANT_REGISTRY,Overall_Status,ALL,CATEGORY_COUNT,RECRUITING,165,1218,199,13.546798,,,,T11_TRIAL_CHARACTERISTICS.csv,
CHR00055,TRIAL_CHARACTERISTICS,ADULT_RELEVANT_REGISTRY,Overall_Status,ALL,CATEGORY_COUNT,SUSPENDED,5,1218,199,0.410509,,,,T11_TRIAL_CHARACTERISTICS.csv,
CHR00056,TRIAL_CHARACTERISTICS,ADULT_RELEVANT_REGISTRY,Overall_Status,ALL,CATEGORY_COUNT,TERMINATED,129,1218,199,10.591133,,,,T11_TRIAL_CHARACTERISTICS.csv,
CHR00057,TRIAL_CHARACTERISTICS,ADULT_RELEVANT_REGISTRY,Overall_Status,ALL,CATEGORY_COUNT,UNKNOWN,199,1218,199,16.338259,,,,T11_TRIAL_CHARACTERISTICS.csv,
CHR00058,TRIAL_CHARACTERISTICS,ADULT_RELEVANT_REGISTRY,Overall_Status,ALL,CATEGORY_COUNT,WITHDRAWN,47,1218,199,3.858785,,,,T11_TRIAL_CHARACTERISTICS.csv,
CHR00059,TRIAL_CHARACTERISTICS,ADULT_RELEVANT_REGISTRY,Period,ALL,CATEGORY_COUNT,2008-2016,440,1218,0,36.124795,,,,T11_TRIAL_CHARACTERISTICS.csv,
CHR00060,TRIAL_CHARACTERISTICS,ADULT_RELEVANT_REGISTRY,Period,ALL,CATEGORY_COUNT,2017-2018,134,1218,0,11.001642,,,,T11_TRIAL_CHARACTERISTICS.csv,
CHR00061,TRIAL_CHARACTERISTICS,ADULT_RELEVANT_REGISTRY,Period,ALL,CATEGORY_COUNT,2019-2025,644,1218,0,52.873563,,,,T11_TRIAL_CHARACTERISTICS.csv,
CHR00062,TRIAL_CHARACTERISTICS,ADULT_RELEVANT_REGISTRY,Adult_Relevant_Registry,ALL,CATEGORY_COUNT,YES,1218,1218,0,100.0,,,,T11_TRIAL_CHARACTERISTICS.csv,
CHR00063,TRIAL_CHARACTERISTICS,ADULT_RELEVANT_HUMAN_SCOPE,Study_Type,ALL,CATEGORY_COUNT,INTERVENTIONAL,117,117,0,100.0,,,,T11_TRIAL_CHARACTERISTICS.csv,
CHR00064,TRIAL_CHARACTERISTICS,ADULT_RELEVANT_HUMAN_SCOPE,Randomized,ALL,CATEGORY_COUNT,NO,37,117,0,31.623932,,,,T11_TRIAL_CHARACTERISTICS.csv,
CHR00065,TRIAL_CHARACTERISTICS,ADULT_RELEVANT_HUMAN_SCOPE,Randomized,ALL,CATEGORY_COUNT,YES,80,117,0,68.376068,,,,T11_TRIAL_CHARACTERISTICS.csv,
CHR00066,TRIAL_CHARACTERISTICS,ADULT_RELEVANT_HUMAN_SCOPE,Industry_Role,ALL,CATEGORY_COUNT,INDUSTRY_COLLABORATOR,7,117,0,5.982906,,,,T11_TRIAL_CHARACTERISTICS.csv,
CHR00067,TRIAL_CHARACTERISTICS,ADULT_RELEVANT_HUMAN_SCOPE,Industry_Role,ALL,CATEGORY_COUNT,INDUSTRY_LEAD,38,117,0,32.478632,,,,T11_TRIAL_CHARACTERISTICS.csv,
CHR00068,TRIAL_CHARACTERISTICS,ADULT_RELEVANT_HUMAN_SCOPE,Industry_Role,ALL,CATEGORY_COUNT,NO_RECORDED_INDUSTRY_ROLE,72,117,0,61.538462,,,,T11_TRIAL_CHARACTERISTICS.csv,
CHR00069,TRIAL_CHARACTERISTICS,ADULT_RELEVANT_HUMAN_SCOPE,Device_Study,ALL,CATEGORY_COUNT,NO,74,117,0,63.247863,,,,T11_TRIAL_CHARACTERISTICS.csv,
CHR00070,TRIAL_CHARACTERISTICS,ADULT_RELEVANT_HUMAN_SCOPE,Device_Study,ALL,CATEGORY_COUNT,YES,43,117,0,36.752137,,,,T11_TRIAL_CHARACTERISTICS.csv,
CHR00071,TRIAL_CHARACTERISTICS,ADULT_RELEVANT_HUMAN_SCOPE,Country_Scope,ALL,CATEGORY_COUNT,MULTICOUNTRY,12,117,8,10.25641,,,,T11_TRIAL_CHARACTERISTICS.csv,
CHR00072,TRIAL_CHARACTERISTICS,ADULT_RELEVANT_HUMAN_SCOPE,Country_Scope,ALL,CATEGORY_COUNT,SINGLE_COUNTRY,97,117,8,82.905983,,,,T11_TRIAL_CHARACTERISTICS.csv,
CHR00073,TRIAL_CHARACTERISTICS,ADULT_RELEVANT_HUMAN_SCOPE,Country_Scope,ALL,CATEGORY_COUNT,UNKNOWN,8,117,8,6.837607,,,,T11_TRIAL_CHARACTERISTICS.csv,
CHR00074,TRIAL_CHARACTERISTICS,ADULT_RELEVANT_HUMAN_SCOPE,US_Center,ALL,CATEGORY_COUNT,NO,60,117,8,51.282051,,,,T11_TRIAL_CHARACTERISTICS.csv,
CHR00075,TRIAL_CHARACTERISTICS,ADULT_RELEVANT_HUMAN_SCOPE,US_Center,ALL,CATEGORY_COUNT,UNKNOWN,8,117,8,6.837607,,,,T11_TRIAL_CHARACTERISTICS.csv,
CHR00076,TRIAL_CHARACTERISTICS,ADULT_RELEVANT_HUMAN_SCOPE,US_Center,ALL,CATEGORY_COUNT,YES,49,117,8,41.880342,,,,T11_TRIAL_CHARACTERISTICS.csv,
CHR00077,TRIAL_CHARACTERISTICS,ADULT_RELEVANT_HUMAN_SCOPE,Registration_Timing,ALL,CATEGORY_COUNT,PROSPECTIVE_OR_SAME_DAY,75,117,0,64.102564,,,,T11_TRIAL_CHARACTERISTICS.csv,
CHR00078,TRIAL_CHARACTERISTICS,ADULT_RELEVANT_HUMAN_SCOPE,Registration_Timing,ALL,CATEGORY_COUNT,RETROSPECTIVE,42,117,0,35.897436,,,,T11_TRIAL_CHARACTERISTICS.csv,
CHR00079,TRIAL_CHARACTERISTICS,ADULT_RELEVANT_HUMAN_SCOPE,Overall_Status,ALL,CATEGORY_COUNT,ACTIVE_NOT_RECRUITING,1,117,17,0.854701,,,,T11_TRIAL_CHARACTERISTICS.csv,
CHR00080,TRIAL_CHARACTERISTICS,ADULT_RELEVANT_HUMAN_SCOPE,Overall_Status,ALL,CATEGORY_COUNT,COMPLETED,51,117,17,43.589744,,,,T11_TRIAL_CHARACTERISTICS.csv,
CHR00081,TRIAL_CHARACTERISTICS,ADULT_RELEVANT_HUMAN_SCOPE,Overall_Status,ALL,CATEGORY_COUNT,ENROLLING_BY_INVITATION,2,117,17,1.709402,,,,T11_TRIAL_CHARACTERISTICS.csv,
CHR00082,TRIAL_CHARACTERISTICS,ADULT_RELEVANT_HUMAN_SCOPE,Overall_Status,ALL,CATEGORY_COUNT,NOT_YET_RECRUITING,10,117,17,8.547009,,,,T11_TRIAL_CHARACTERISTICS.csv,
CHR00083,TRIAL_CHARACTERISTICS,ADULT_RELEVANT_HUMAN_SCOPE,Overall_Status,ALL,CATEGORY_COUNT,RECRUITING,18,117,17,15.384615,,,,T11_TRIAL_CHARACTERISTICS.csv,
CHR00084,TRIAL_CHARACTERISTICS,ADULT_RELEVANT_HUMAN_SCOPE,Overall_Status,ALL,CATEGORY_COUNT,TERMINATED,13,117,17,11.111111,,,,T11_TRIAL_CHARACTERISTICS.csv,
CHR00085,TRIAL_CHARACTERISTICS,ADULT_RELEVANT_HUMAN_SCOPE,Overall_Status,ALL,CATEGORY_COUNT,UNKNOWN,17,117,17,14.529915,,,,T11_TRIAL_CHARACTERISTICS.csv,
CHR00086,TRIAL_CHARACTERISTICS,ADULT_RELEVANT_HUMAN_SCOPE,Overall_Status,ALL,CATEGORY_COUNT,WITHDRAWN,5,117,17,4.273504,,,,T11_TRIAL_CHARACTERISTICS.csv,
CHR00087,TRIAL_CHARACTERISTICS,ADULT_RELEVANT_HUMAN_SCOPE,Period,ALL,CATEGORY_COUNT,2008-2016,44,117,0,37.606838,,,,T11_TRIAL_CHARACTERISTICS.csv,
CHR00088,TRIAL_CHARACTERISTICS,ADULT_RELEVANT_HUMAN_SCOPE,Period,ALL,CATEGORY_COUNT,2017-2018,11,117,0,9.401709,,,,T11_TRIAL_CHARACTERISTICS.csv,
CHR00089,TRIAL_CHARACTERISTICS,ADULT_RELEVANT_HUMAN_SCOPE,Period,ALL,CATEGORY_COUNT,2019-2025,62,117,0,52.991453,,,,T11_TRIAL_CHARACTERISTICS.csv,
CHR00090,TRIAL_CHARACTERISTICS,ADULT_RELEVANT_HUMAN_SCOPE,Adult_Relevant_Registry,ALL,CATEGORY_COUNT,YES,117,117,0,100.0,,,,T11_TRIAL_CHARACTERISTICS.csv,
CHR00091,TRIAL_CHARACTERISTICS,VLU_ACTIVE_TREATMENT,Study_Type,ALL,CATEGORY_COUNT,INTERVENTIONAL,304,304,0,100.0,,,,T11_TRIAL_CHARACTERISTICS.csv,
CHR00092,TRIAL_CHARACTERISTICS,VLU_ACTIVE_TREATMENT,Randomized,ALL,CATEGORY_COUNT,NO,74,304,1,24.342105,,,,T11_TRIAL_CHARACTERISTICS.csv,
CHR00093,TRIAL_CHARACTERISTICS,VLU_ACTIVE_TREATMENT,Randomized,ALL,CATEGORY_COUNT,UNKNOWN,1,304,1,0.328947,,,,T11_TRIAL_CHARACTERISTICS.csv,
CHR00094,TRIAL_CHARACTERISTICS,VLU_ACTIVE_TREATMENT,Randomized,ALL,CATEGORY_COUNT,YES,229,304,1,75.328947,,,,T11_TRIAL_CHARACTERISTICS.csv,
CHR00095,TRIAL_CHARACTERISTICS,VLU_ACTIVE_TREATMENT,Industry_Role,ALL,CATEGORY_COUNT,INDUSTRY_COLLABORATOR,17,304,0,5.592105,,,,T11_TRIAL_CHARACTERISTICS.csv,
CHR00096,TRIAL_CHARACTERISTICS,VLU_ACTIVE_TREATMENT,Industry_Role,ALL,CATEGORY_COUNT,INDUSTRY_LEAD,155,304,0,50.986842,,,,T11_TRIAL_CHARACTERISTICS.csv,
CHR00097,TRIAL_CHARACTERISTICS,VLU_ACTIVE_TREATMENT,Industry_Role,ALL,CATEGORY_COUNT,NO_RECORDED_INDUSTRY_ROLE,132,304,0,43.421053,,,,T11_TRIAL_CHARACTERISTICS.csv,
CHR00098,TRIAL_CHARACTERISTICS,VLU_ACTIVE_TREATMENT,Device_Study,ALL,CATEGORY_COUNT,NO,157,304,0,51.644737,,,,T11_TRIAL_CHARACTERISTICS.csv,
CHR00099,TRIAL_CHARACTERISTICS,VLU_ACTIVE_TREATMENT,Device_Study,ALL,CATEGORY_COUNT,YES,147,304,0,48.355263,,,,T11_TRIAL_CHARACTERISTICS.csv,
CHR00100,TRIAL_CHARACTERISTICS,VLU_ACTIVE_TREATMENT,Country_Scope,ALL,CATEGORY_COUNT,MULTICOUNTRY,42,304,26,13.815789,,,,T11_TRIAL_CHARACTERISTICS.csv,
CHR00101,TRIAL_CHARACTERISTICS,VLU_ACTIVE_TREATMENT,Country_Scope,ALL,CATEGORY_COUNT,SINGLE_COUNTRY,236,304,26,77.631579,,,,T11_TRIAL_CHARACTERISTICS.csv,
CHR00102,TRIAL_CHARACTERISTICS,VLU_ACTIVE_TREATMENT,Country_Scope,ALL,CATEGORY_COUNT,UNKNOWN,26,304,26,8.552632,,,,T11_TRIAL_CHARACTERISTICS.csv,
CHR00103,TRIAL_CHARACTERISTICS,VLU_ACTIVE_TREATMENT,US_Center,ALL,CATEGORY_COUNT,NO,153,304,26,50.328947,,,,T11_TRIAL_CHARACTERISTICS.csv,
CHR00104,TRIAL_CHARACTERISTICS,VLU_ACTIVE_TREATMENT,US_Center,ALL,CATEGORY_COUNT,UNKNOWN,26,304,26,8.552632,,,,T11_TRIAL_CHARACTERISTICS.csv,
CHR00105,TRIAL_CHARACTERISTICS,VLU_ACTIVE_TREATMENT,US_Center,ALL,CATEGORY_COUNT,YES,125,304,26,41.118421,,,,T11_TRIAL_CHARACTERISTICS.csv,
CHR00106,TRIAL_CHARACTERISTICS,VLU_ACTIVE_TREATMENT,Registration_Timing,ALL,CATEGORY_COUNT,PROSPECTIVE_OR_SAME_DAY,165,304,0,54.276316,,,,T11_TRIAL_CHARACTERISTICS.csv,
CHR00107,TRIAL_CHARACTERISTICS,VLU_ACTIVE_TREATMENT,Registration_Timing,ALL,CATEGORY_COUNT,RETROSPECTIVE,139,304,0,45.723684,,,,T11_TRIAL_CHARACTERISTICS.csv,
CHR00108,TRIAL_CHARACTERISTICS,VLU_ACTIVE_TREATMENT,Overall_Status,ALL,CATEGORY_COUNT,ACTIVE_NOT_RECRUITING,8,304,57,2.631579,,,,T11_TRIAL_CHARACTERISTICS.csv,
CHR00109,TRIAL_CHARACTERISTICS,VLU_ACTIVE_TREATMENT,Overall_Status,ALL,CATEGORY_COUNT,COMPLETED,145,304,57,47.697368,,,,T11_TRIAL_CHARACTERISTICS.csv,
CHR00110,TRIAL_CHARACTERISTICS,VLU_ACTIVE_TREATMENT,Overall_Status,ALL,CATEGORY_COUNT,NOT_YET_RECRUITING,10,304,57,3.289474,,,,T11_TRIAL_CHARACTERISTICS.csv,
CHR00111,TRIAL_CHARACTERISTICS,VLU_ACTIVE_TREATMENT,Overall_Status,ALL,CATEGORY_COUNT,RECRUITING,28,304,57,9.210526,,,,T11_TRIAL_CHARACTERISTICS.csv,
CHR00112,TRIAL_CHARACTERISTICS,VLU_ACTIVE_TREATMENT,Overall_Status,ALL,CATEGORY_COUNT,SUSPENDED,2,304,57,0.657895,,,,T11_TRIAL_CHARACTERISTICS.csv,
CHR00113,TRIAL_CHARACTERISTICS,VLU_ACTIVE_TREATMENT,Overall_Status,ALL,CATEGORY_COUNT,TERMINATED,42,304,57,13.815789,,,,T11_TRIAL_CHARACTERISTICS.csv,
CHR00114,TRIAL_CHARACTERISTICS,VLU_ACTIVE_TREATMENT,Overall_Status,ALL,CATEGORY_COUNT,UNKNOWN,57,304,57,18.75,,,,T11_TRIAL_CHARACTERISTICS.csv,
CHR00115,TRIAL_CHARACTERISTICS,VLU_ACTIVE_TREATMENT,Overall_Status,ALL,CATEGORY_COUNT,WITHDRAWN,12,304,57,3.947368,,,,T11_TRIAL_CHARACTERISTICS.csv,
CHR00116,TRIAL_CHARACTERISTICS,VLU_ACTIVE_TREATMENT,Period,ALL,CATEGORY_COUNT,2008-2016,145,304,0,47.697368,,,,T11_TRIAL_CHARACTERISTICS.csv,
CHR00117,TRIAL_CHARACTERISTICS,VLU_ACTIVE_TREATMENT,Period,ALL,CATEGORY_COUNT,2017-2018,34,304,0,11.184211,,,,T11_TRIAL_CHARACTERISTICS.csv,
CHR00118,TRIAL_CHARACTERISTICS,VLU_ACTIVE_TREATMENT,Period,ALL,CATEGORY_COUNT,2019-2025,125,304,0,41.118421,,,,T11_TRIAL_CHARACTERISTICS.csv,
CHR00119,TRIAL_CHARACTERISTICS,VLU_ACTIVE_TREATMENT,Adult_Relevant_Registry,ALL,CATEGORY_COUNT,YES,304,304,0,100.0,,,,T11_TRIAL_CHARACTERISTICS.csv,
CHR00120,TRIAL_CHARACTERISTICS,PI_PREVENTION,Study_Type,ALL,CATEGORY_COUNT,INTERVENTIONAL,184,184,0,100.0,,,,T11_TRIAL_CHARACTERISTICS.csv,
CHR00121,TRIAL_CHARACTERISTICS,PI_PREVENTION,Randomized,ALL,CATEGORY_COUNT,NO,64,184,0,34.782609,,,,T11_TRIAL_CHARACTERISTICS.csv,
CHR00122,TRIAL_CHARACTERISTICS,PI_PREVENTION,Randomized,ALL,CATEGORY_COUNT,YES,120,184,0,65.217391,,,,T11_TRIAL_CHARACTERISTICS.csv,
CHR00123,TRIAL_CHARACTERISTICS,PI_PREVENTION,Industry_Role,ALL,CATEGORY_COUNT,INDUSTRY_COLLABORATOR,10,184,0,5.434783,,,,T11_TRIAL_CHARACTERISTICS.csv,
CHR00124,TRIAL_CHARACTERISTICS,PI_PREVENTION,Industry_Role,ALL,CATEGORY_COUNT,INDUSTRY_LEAD,10,184,0,5.434783,,,,T11_TRIAL_CHARACTERISTICS.csv,
CHR00125,TRIAL_CHARACTERISTICS,PI_PREVENTION,Industry_Role,ALL,CATEGORY_COUNT,NO_RECORDED_INDUSTRY_ROLE,164,184,0,89.130435,,,,T11_TRIAL_CHARACTERISTICS.csv,
CHR00126,TRIAL_CHARACTERISTICS,PI_PREVENTION,Device_Study,ALL,CATEGORY_COUNT,NO,108,184,0,58.695652,,,,T11_TRIAL_CHARACTERISTICS.csv,
CHR00127,TRIAL_CHARACTERISTICS,PI_PREVENTION,Device_Study,ALL,CATEGORY_COUNT,YES,76,184,0,41.304348,,,,T11_TRIAL_CHARACTERISTICS.csv,
CHR00128,TRIAL_CHARACTERISTICS,PI_PREVENTION,Country_Scope,ALL,CATEGORY_COUNT,MULTICOUNTRY,4,184,15,2.173913,,,,T11_TRIAL_CHARACTERISTICS.csv,
CHR00129,TRIAL_CHARACTERISTICS,PI_PREVENTION,Country_Scope,ALL,CATEGORY_COUNT,SINGLE_COUNTRY,165,184,15,89.673913,,,,T11_TRIAL_CHARACTERISTICS.csv,
CHR00130,TRIAL_CHARACTERISTICS,PI_PREVENTION,Country_Scope,ALL,CATEGORY_COUNT,UNKNOWN,15,184,15,8.152174,,,,T11_TRIAL_CHARACTERISTICS.csv,
CHR00131,TRIAL_CHARACTERISTICS,PI_PREVENTION,US_Center,ALL,CATEGORY_COUNT,NO,114,184,15,61.956522,,,,T11_TRIAL_CHARACTERISTICS.csv,
CHR00132,TRIAL_CHARACTERISTICS,PI_PREVENTION,US_Center,ALL,CATEGORY_COUNT,UNKNOWN,15,184,15,8.152174,,,,T11_TRIAL_CHARACTERISTICS.csv,
CHR00133,TRIAL_CHARACTERISTICS,PI_PREVENTION,US_Center,ALL,CATEGORY_COUNT,YES,55,184,15,29.891304,,,,T11_TRIAL_CHARACTERISTICS.csv,
CHR00134,TRIAL_CHARACTERISTICS,PI_PREVENTION,Registration_Timing,ALL,CATEGORY_COUNT,PROSPECTIVE_OR_SAME_DAY,104,184,0,56.521739,,,,T11_TRIAL_CHARACTERISTICS.csv,
CHR00135,TRIAL_CHARACTERISTICS,PI_PREVENTION,Registration_Timing,ALL,CATEGORY_COUNT,RETROSPECTIVE,80,184,0,43.478261,,,,T11_TRIAL_CHARACTERISTICS.csv,
CHR00136,TRIAL_CHARACTERISTICS,PI_PREVENTION,Overall_Status,ALL,CATEGORY_COUNT,ACTIVE_NOT_RECRUITING,7,184,26,3.804348,,,,T11_TRIAL_CHARACTERISTICS.csv,
CHR00137,TRIAL_CHARACTERISTICS,PI_PREVENTION,Overall_Status,ALL,CATEGORY_COUNT,COMPLETED,106,184,26,57.608696,,,,T11_TRIAL_CHARACTERISTICS.csv,
CHR00138,TRIAL_CHARACTERISTICS,PI_PREVENTION,Overall_Status,ALL,CATEGORY_COUNT,ENROLLING_BY_INVITATION,1,184,26,0.543478,,,,T11_TRIAL_CHARACTERISTICS.csv,
CHR00139,TRIAL_CHARACTERISTICS,PI_PREVENTION,Overall_Status,ALL,CATEGORY_COUNT,NOT_YET_RECRUITING,14,184,26,7.608696,,,,T11_TRIAL_CHARACTERISTICS.csv,
CHR00140,TRIAL_CHARACTERISTICS,PI_PREVENTION,Overall_Status,ALL,CATEGORY_COUNT,RECRUITING,17,184,26,9.23913,,,,T11_TRIAL_CHARACTERISTICS.csv,
CHR00141,TRIAL_CHARACTERISTICS,PI_PREVENTION,Overall_Status,ALL,CATEGORY_COUNT,TERMINATED,9,184,26,4.891304,,,,T11_TRIAL_CHARACTERISTICS.csv,
CHR00142,TRIAL_CHARACTERISTICS,PI_PREVENTION,Overall_Status,ALL,CATEGORY_COUNT,UNKNOWN,26,184,26,14.130435,,,,T11_TRIAL_CHARACTERISTICS.csv,
CHR00143,TRIAL_CHARACTERISTICS,PI_PREVENTION,Overall_Status,ALL,CATEGORY_COUNT,WITHDRAWN,4,184,26,2.173913,,,,T11_TRIAL_CHARACTERISTICS.csv,
CHR00144,TRIAL_CHARACTERISTICS,PI_PREVENTION,Period,ALL,CATEGORY_COUNT,2008-2016,49,184,0,26.630435,,,,T11_TRIAL_CHARACTERISTICS.csv,
CHR00145,TRIAL_CHARACTERISTICS,PI_PREVENTION,Period,ALL,CATEGORY_COUNT,2017-2018,18,184,0,9.782609,,,,T11_TRIAL_CHARACTERISTICS.csv,
CHR00146,TRIAL_CHARACTERISTICS,PI_PREVENTION,Period,ALL,CATEGORY_COUNT,2019-2025,117,184,0,63.586957,,,,T11_TRIAL_CHARACTERISTICS.csv,
CHR00147,TRIAL_CHARACTERISTICS,PI_PREVENTION,Adult_Relevant_Registry,ALL,CATEGORY_COUNT,YES,184,184,0,100.0,,,,T11_TRIAL_CHARACTERISTICS.csv,
CHR00148,TRIAL_CHARACTERISTICS,COS_ADULT_COMPARATIVE,Study_Type,ALL,CATEGORY_COUNT,INTERVENTIONAL,359,359,0,100.0,,,,T11_TRIAL_CHARACTERISTICS.csv,
CHR00149,TRIAL_CHARACTERISTICS,COS_ADULT_COMPARATIVE,Randomized,ALL,CATEGORY_COUNT,NO,24,359,0,6.685237,,,,T11_TRIAL_CHARACTERISTICS.csv,
CHR00150,TRIAL_CHARACTERISTICS,COS_ADULT_COMPARATIVE,Randomized,ALL,CATEGORY_COUNT,YES,335,359,0,93.314763,,,,T11_TRIAL_CHARACTERISTICS.csv,
CHR00151,TRIAL_CHARACTERISTICS,COS_ADULT_COMPARATIVE,Industry_Role,ALL,CATEGORY_COUNT,INDUSTRY_COLLABORATOR,21,359,0,5.849582,,,,T11_TRIAL_CHARACTERISTICS.csv,
CHR00152,TRIAL_CHARACTERISTICS,COS_ADULT_COMPARATIVE,Industry_Role,ALL,CATEGORY_COUNT,INDUSTRY_LEAD,116,359,0,32.311978,,,,T11_TRIAL_CHARACTERISTICS.csv,
CHR00153,TRIAL_CHARACTERISTICS,COS_ADULT_COMPARATIVE,Industry_Role,ALL,CATEGORY_COUNT,NO_RECORDED_INDUSTRY_ROLE,222,359,0,61.83844,,,,T11_TRIAL_CHARACTERISTICS.csv,
CHR00154,TRIAL_CHARACTERISTICS,COS_ADULT_COMPARATIVE,Device_Study,ALL,CATEGORY_COUNT,NO,205,359,0,57.103064,,,,T11_TRIAL_CHARACTERISTICS.csv,
CHR00155,TRIAL_CHARACTERISTICS,COS_ADULT_COMPARATIVE,Device_Study,ALL,CATEGORY_COUNT,YES,154,359,0,42.896936,,,,T11_TRIAL_CHARACTERISTICS.csv,
CHR00156,TRIAL_CHARACTERISTICS,COS_ADULT_COMPARATIVE,Country_Scope,ALL,CATEGORY_COUNT,MULTICOUNTRY,36,359,30,10.027855,,,,T11_TRIAL_CHARACTERISTICS.csv,
CHR00157,TRIAL_CHARACTERISTICS,COS_ADULT_COMPARATIVE,Country_Scope,ALL,CATEGORY_COUNT,SINGLE_COUNTRY,293,359,30,81.615599,,,,T11_TRIAL_CHARACTERISTICS.csv,
CHR00158,TRIAL_CHARACTERISTICS,COS_ADULT_COMPARATIVE,Country_Scope,ALL,CATEGORY_COUNT,UNKNOWN,30,359,30,8.356546,,,,T11_TRIAL_CHARACTERISTICS.csv,
CHR00159,TRIAL_CHARACTERISTICS,COS_ADULT_COMPARATIVE,US_Center,ALL,CATEGORY_COUNT,NO,200,359,30,55.710306,,,,T11_TRIAL_CHARACTERISTICS.csv,
CHR00160,TRIAL_CHARACTERISTICS,COS_ADULT_COMPARATIVE,US_Center,ALL,CATEGORY_COUNT,UNKNOWN,30,359,30,8.356546,,,,T11_TRIAL_CHARACTERISTICS.csv,
CHR00161,TRIAL_CHARACTERISTICS,COS_ADULT_COMPARATIVE,US_Center,ALL,CATEGORY_COUNT,YES,129,359,30,35.933148,,,,T11_TRIAL_CHARACTERISTICS.csv,
CHR00162,TRIAL_CHARACTERISTICS,COS_ADULT_COMPARATIVE,Registration_Timing,ALL,CATEGORY_COUNT,PROSPECTIVE_OR_SAME_DAY,207,359,0,57.660167,,,,T11_TRIAL_CHARACTERISTICS.csv,
CHR00163,TRIAL_CHARACTERISTICS,COS_ADULT_COMPARATIVE,Registration_Timing,ALL,CATEGORY_COUNT,RETROSPECTIVE,152,359,0,42.339833,,,,T11_TRIAL_CHARACTERISTICS.csv,
CHR00164,TRIAL_CHARACTERISTICS,COS_ADULT_COMPARATIVE,Overall_Status,ALL,CATEGORY_COUNT,ACTIVE_NOT_RECRUITING,10,359,63,2.785515,,,,T11_TRIAL_CHARACTERISTICS.csv,
CHR00165,TRIAL_CHARACTERISTICS,COS_ADULT_COMPARATIVE,Overall_Status,ALL,CATEGORY_COUNT,COMPLETED,184,359,63,51.253482,,,,T11_TRIAL_CHARACTERISTICS.csv,
CHR00166,TRIAL_CHARACTERISTICS,COS_ADULT_COMPARATIVE,Overall_Status,ALL,CATEGORY_COUNT,NOT_YET_RECRUITING,19,359,63,5.292479,,,,T11_TRIAL_CHARACTERISTICS.csv,
CHR00167,TRIAL_CHARACTERISTICS,COS_ADULT_COMPARATIVE,Overall_Status,ALL,CATEGORY_COUNT,RECRUITING,32,359,63,8.913649,,,,T11_TRIAL_CHARACTERISTICS.csv,
CHR00168,TRIAL_CHARACTERISTICS,COS_ADULT_COMPARATIVE,Overall_Status,ALL,CATEGORY_COUNT,SUSPENDED,2,359,63,0.557103,,,,T11_TRIAL_CHARACTERISTICS.csv,
CHR00169,TRIAL_CHARACTERISTICS,COS_ADULT_COMPARATIVE,Overall_Status,ALL,CATEGORY_COUNT,TERMINATED,39,359,63,10.86351,,,,T11_TRIAL_CHARACTERISTICS.csv,
CHR00170,TRIAL_CHARACTERISTICS,COS_ADULT_COMPARATIVE,Overall_Status,ALL,CATEGORY_COUNT,UNKNOWN,63,359,63,17.548747,,,,T11_TRIAL_CHARACTERISTICS.csv,
CHR00171,TRIAL_CHARACTERISTICS,COS_ADULT_COMPARATIVE,Overall_Status,ALL,CATEGORY_COUNT,WITHDRAWN,10,359,63,2.785515,,,,T11_TRIAL_CHARACTERISTICS.csv,
CHR00172,TRIAL_CHARACTERISTICS,COS_ADULT_COMPARATIVE,Period,ALL,CATEGORY_COUNT,2008-2016,144,359,0,40.111421,,,,T11_TRIAL_CHARACTERISTICS.csv,
CHR00173,TRIAL_CHARACTERISTICS,COS_ADULT_COMPARATIVE,Period,ALL,CATEGORY_COUNT,2017-2018,37,359,0,10.306407,,,,T11_TRIAL_CHARACTERISTICS.csv,
CHR00174,TRIAL_CHARACTERISTICS,COS_ADULT_COMPARATIVE,Period,ALL,CATEGORY_COUNT,2019-2025,178,359,0,49.582173,,,,T11_TRIAL_CHARACTERISTICS.csv,
CHR00175,TRIAL_CHARACTERISTICS,COS_ADULT_COMPARATIVE,Adult_Relevant_Registry,ALL,CATEGORY_COUNT,YES,359,359,0,100.0,,,,T11_TRIAL_CHARACTERISTICS.csv,
CHR00176,TRIAL_CHARACTERISTICS,COS_ADULT_RANDOMIZED,Study_Type,ALL,CATEGORY_COUNT,INTERVENTIONAL,335,335,0,100.0,,,,T11_TRIAL_CHARACTERISTICS.csv,
CHR00177,TRIAL_CHARACTERISTICS,COS_ADULT_RANDOMIZED,Randomized,ALL,CATEGORY_COUNT,YES,335,335,0,100.0,,,,T11_TRIAL_CHARACTERISTICS.csv,
CHR00178,TRIAL_CHARACTERISTICS,COS_ADULT_RANDOMIZED,Industry_Role,ALL,CATEGORY_COUNT,INDUSTRY_COLLABORATOR,21,335,0,6.268657,,,,T11_TRIAL_CHARACTERISTICS.csv,
CHR00179,TRIAL_CHARACTERISTICS,COS_ADULT_RANDOMIZED,Industry_Role,ALL,CATEGORY_COUNT,INDUSTRY_LEAD,113,335,0,33.731343,,,,T11_TRIAL_CHARACTERISTICS.csv,
CHR00180,TRIAL_CHARACTERISTICS,COS_ADULT_RANDOMIZED,Industry_Role,ALL,CATEGORY_COUNT,NO_RECORDED_INDUSTRY_ROLE,201,335,0,60.0,,,,T11_TRIAL_CHARACTERISTICS.csv,
CHR00181,TRIAL_CHARACTERISTICS,COS_ADULT_RANDOMIZED,Device_Study,ALL,CATEGORY_COUNT,NO,188,335,0,56.119403,,,,T11_TRIAL_CHARACTERISTICS.csv,
CHR00182,TRIAL_CHARACTERISTICS,COS_ADULT_RANDOMIZED,Device_Study,ALL,CATEGORY_COUNT,YES,147,335,0,43.880597,,,,T11_TRIAL_CHARACTERISTICS.csv,
CHR00183,TRIAL_CHARACTERISTICS,COS_ADULT_RANDOMIZED,Country_Scope,ALL,CATEGORY_COUNT,MULTICOUNTRY,34,335,27,10.149254,,,,T11_TRIAL_CHARACTERISTICS.csv,
CHR00184,TRIAL_CHARACTERISTICS,COS_ADULT_RANDOMIZED,Country_Scope,ALL,CATEGORY_COUNT,SINGLE_COUNTRY,274,335,27,81.791045,,,,T11_TRIAL_CHARACTERISTICS.csv,
CHR00185,TRIAL_CHARACTERISTICS,COS_ADULT_RANDOMIZED,Country_Scope,ALL,CATEGORY_COUNT,UNKNOWN,27,335,27,8.059701,,,,T11_TRIAL_CHARACTERISTICS.csv,
CHR00186,TRIAL_CHARACTERISTICS,COS_ADULT_RANDOMIZED,US_Center,ALL,CATEGORY_COUNT,NO,188,335,27,56.119403,,,,T11_TRIAL_CHARACTERISTICS.csv,
CHR00187,TRIAL_CHARACTERISTICS,COS_ADULT_RANDOMIZED,US_Center,ALL,CATEGORY_COUNT,UNKNOWN,27,335,27,8.059701,,,,T11_TRIAL_CHARACTERISTICS.csv,
CHR00188,TRIAL_CHARACTERISTICS,COS_ADULT_RANDOMIZED,US_Center,ALL,CATEGORY_COUNT,YES,120,335,27,35.820896,,,,T11_TRIAL_CHARACTERISTICS.csv,
CHR00189,TRIAL_CHARACTERISTICS,COS_ADULT_RANDOMIZED,Registration_Timing,ALL,CATEGORY_COUNT,PROSPECTIVE_OR_SAME_DAY,191,335,0,57.014925,,,,T11_TRIAL_CHARACTERISTICS.csv,
CHR00190,TRIAL_CHARACTERISTICS,COS_ADULT_RANDOMIZED,Registration_Timing,ALL,CATEGORY_COUNT,RETROSPECTIVE,144,335,0,42.985075,,,,T11_TRIAL_CHARACTERISTICS.csv,
CHR00191,TRIAL_CHARACTERISTICS,COS_ADULT_RANDOMIZED,Overall_Status,ALL,CATEGORY_COUNT,ACTIVE_NOT_RECRUITING,10,335,58,2.985075,,,,T11_TRIAL_CHARACTERISTICS.csv,
CHR00192,TRIAL_CHARACTERISTICS,COS_ADULT_RANDOMIZED,Overall_Status,ALL,CATEGORY_COUNT,COMPLETED,168,335,58,50.149254,,,,T11_TRIAL_CHARACTERISTICS.csv,
CHR00193,TRIAL_CHARACTERISTICS,COS_ADULT_RANDOMIZED,Overall_Status,ALL,CATEGORY_COUNT,NOT_YET_RECRUITING,18,335,58,5.373134,,,,T11_TRIAL_CHARACTERISTICS.csv,
CHR00194,TRIAL_CHARACTERISTICS,COS_ADULT_RANDOMIZED,Overall_Status,ALL,CATEGORY_COUNT,RECRUITING,30,335,58,8.955224,,,,T11_TRIAL_CHARACTERISTICS.csv,
CHR00195,TRIAL_CHARACTERISTICS,COS_ADULT_RANDOMIZED,Overall_Status,ALL,CATEGORY_COUNT,SUSPENDED,2,335,58,0.597015,,,,T11_TRIAL_CHARACTERISTICS.csv,
CHR00196,TRIAL_CHARACTERISTICS,COS_ADULT_RANDOMIZED,Overall_Status,ALL,CATEGORY_COUNT,TERMINATED,39,335,58,11.641791,,,,T11_TRIAL_CHARACTERISTICS.csv,
CHR00197,TRIAL_CHARACTERISTICS,COS_ADULT_RANDOMIZED,Overall_Status,ALL,CATEGORY_COUNT,UNKNOWN,58,335,58,17.313433,,,,T11_TRIAL_CHARACTERISTICS.csv,
CHR00198,TRIAL_CHARACTERISTICS,COS_ADULT_RANDOMIZED,Overall_Status,ALL,CATEGORY_COUNT,WITHDRAWN,10,335,58,2.985075,,,,T11_TRIAL_CHARACTERISTICS.csv,
CHR00199,TRIAL_CHARACTERISTICS,COS_ADULT_RANDOMIZED,Period,ALL,CATEGORY_COUNT,2008-2016,136,335,0,40.597015,,,,T11_TRIAL_CHARACTERISTICS.csv,
CHR00200,TRIAL_CHARACTERISTICS,COS_ADULT_RANDOMIZED,Period,ALL,CATEGORY_COUNT,2017-2018,35,335,0,10.447761,,,,T11_TRIAL_CHARACTERISTICS.csv,
CHR00201,TRIAL_CHARACTERISTICS,COS_ADULT_RANDOMIZED,Period,ALL,CATEGORY_COUNT,2019-2025,164,335,0,48.955224,,,,T11_TRIAL_CHARACTERISTICS.csv,
CHR00202,TRIAL_CHARACTERISTICS,COS_ADULT_RANDOMIZED,Adult_Relevant_Registry,ALL,CATEGORY_COUNT,YES,335,335,0,100.0,,,,T11_TRIAL_CHARACTERISTICS.csv,
REL001_Raw_Agreement,RELIABILITY,PAIRED_CODER_RECORDS,FIELD_OR_DOMAIN,Age_Field_Conflict,RAW_AGREEMENT,,,1206,,,1.0,proportion,TRUE,T14_RELIABILITY_SUMMARY.csv,AGE
REL001_Positive_Agreement,RELIABILITY,PAIRED_CODER_RECORDS,FIELD_OR_DOMAIN,Age_Field_Conflict,POSITIVE_AGREEMENT,,,1206,,,1.0,proportion,TRUE,T14_RELIABILITY_SUMMARY.csv,AGE
REL001_Negative_Agreement,RELIABILITY,PAIRED_CODER_RECORDS,FIELD_OR_DOMAIN,Age_Field_Conflict,NEGATIVE_AGREEMENT,,,1206,,,1.0,proportion,TRUE,T14_RELIABILITY_SUMMARY.csv,AGE
REL001_Cohen_Kappa,RELIABILITY,PAIRED_CODER_RECORDS,FIELD_OR_DOMAIN,Age_Field_Conflict,COHEN_KAPPA,,,1206,,,1.0,proportion,TRUE,T14_RELIABILITY_SUMMARY.csv,AGE
REL001_Gwet_AC1,RELIABILITY,PAIRED_CODER_RECORDS,FIELD_OR_DOMAIN,Age_Field_Conflict,GWET_AC1,,,1206,,,1.0,proportion,TRUE,T14_RELIABILITY_SUMMARY.csv,AGE
REL001_Gwet_AC2,RELIABILITY,PAIRED_CODER_RECORDS,FIELD_OR_DOMAIN,Age_Field_Conflict,GWET_AC2,,,1206,,,1.0,proportion,TRUE,T14_RELIABILITY_SUMMARY.csv,AGE
REL002_Raw_Agreement,RELIABILITY,PAIRED_CODER_RECORDS,FIELD_OR_DOMAIN,Structured_Upper_Age_Status,RAW_AGREEMENT,,,1206,,,1.0,proportion,FINITE_UPPER_LIMIT,T14_RELIABILITY_SUMMARY.csv,AGE
REL002_Positive_Agreement,RELIABILITY,PAIRED_CODER_RECORDS,FIELD_OR_DOMAIN,Structured_Upper_Age_Status,POSITIVE_AGREEMENT,,,1206,,,1.0,proportion,FINITE_UPPER_LIMIT,T14_RELIABILITY_SUMMARY.csv,AGE
REL002_Negative_Agreement,RELIABILITY,PAIRED_CODER_RECORDS,FIELD_OR_DOMAIN,Structured_Upper_Age_Status,NEGATIVE_AGREEMENT,,,1206,,,1.0,proportion,FINITE_UPPER_LIMIT,T14_RELIABILITY_SUMMARY.csv,AGE
REL002_Cohen_Kappa,RELIABILITY,PAIRED_CODER_RECORDS,FIELD_OR_DOMAIN,Structured_Upper_Age_Status,COHEN_KAPPA,,,1206,,,1.0,proportion,FINITE_UPPER_LIMIT,T14_RELIABILITY_SUMMARY.csv,AGE
REL002_Gwet_AC1,RELIABILITY,PAIRED_CODER_RECORDS,FIELD_OR_DOMAIN,Structured_Upper_Age_Status,GWET_AC1,,,1206,,,1.0,proportion,FINITE_UPPER_LIMIT,T14_RELIABILITY_SUMMARY.csv,AGE
REL002_Gwet_AC2,RELIABILITY,PAIRED_CODER_RECORDS,FIELD_OR_DOMAIN,Structured_Upper_Age_Status,GWET_AC2,,,1206,,,1.0,proportion,FINITE_UPPER_LIMIT,T14_RELIABILITY_SUMMARY.csv,AGE
REL003_Raw_Agreement,RELIABILITY,PAIRED_CODER_RECORDS,FIELD_OR_DOMAIN,Eligible_65_Structured,RAW_AGREEMENT,,,1206,,,1.0,proportion,YES,T14_RELIABILITY_SUMMARY.csv,AGE
REL003_Positive_Agreement,RELIABILITY,PAIRED_CODER_RECORDS,FIELD_OR_DOMAIN,Eligible_65_Structured,POSITIVE_AGREEMENT,,,1206,,,1.0,proportion,YES,T14_RELIABILITY_SUMMARY.csv,AGE
REL003_Negative_Agreement,RELIABILITY,PAIRED_CODER_RECORDS,FIELD_OR_DOMAIN,Eligible_65_Structured,NEGATIVE_AGREEMENT,,,1206,,,1.0,proportion,YES,T14_RELIABILITY_SUMMARY.csv,AGE
REL003_Cohen_Kappa,RELIABILITY,PAIRED_CODER_RECORDS,FIELD_OR_DOMAIN,Eligible_65_Structured,COHEN_KAPPA,,,1206,,,1.0,proportion,YES,T14_RELIABILITY_SUMMARY.csv,AGE
REL003_Gwet_AC1,RELIABILITY,PAIRED_CODER_RECORDS,FIELD_OR_DOMAIN,Eligible_65_Structured,GWET_AC1,,,1206,,,1.0,proportion,YES,T14_RELIABILITY_SUMMARY.csv,AGE
REL003_Gwet_AC2,RELIABILITY,PAIRED_CODER_RECORDS,FIELD_OR_DOMAIN,Eligible_65_Structured,GWET_AC2,,,1206,,,1.0,proportion,YES,T14_RELIABILITY_SUMMARY.csv,AGE
REL004_Raw_Agreement,RELIABILITY,PAIRED_CODER_RECORDS,FIELD_OR_DOMAIN,Eligible_75_Structured,RAW_AGREEMENT,,,1206,,,1.0,proportion,YES,T14_RELIABILITY_SUMMARY.csv,AGE
REL004_Positive_Agreement,RELIABILITY,PAIRED_CODER_RECORDS,FIELD_OR_DOMAIN,Eligible_75_Structured,POSITIVE_AGREEMENT,,,1206,,,1.0,proportion,YES,T14_RELIABILITY_SUMMARY.csv,AGE
REL004_Negative_Agreement,RELIABILITY,PAIRED_CODER_RECORDS,FIELD_OR_DOMAIN,Eligible_75_Structured,NEGATIVE_AGREEMENT,,,1206,,,1.0,proportion,YES,T14_RELIABILITY_SUMMARY.csv,AGE
REL004_Cohen_Kappa,RELIABILITY,PAIRED_CODER_RECORDS,FIELD_OR_DOMAIN,Eligible_75_Structured,COHEN_KAPPA,,,1206,,,1.0,proportion,YES,T14_RELIABILITY_SUMMARY.csv,AGE
REL004_Gwet_AC1,RELIABILITY,PAIRED_CODER_RECORDS,FIELD_OR_DOMAIN,Eligible_75_Structured,GWET_AC1,,,1206,,,1.0,proportion,YES,T14_RELIABILITY_SUMMARY.csv,AGE
REL004_Gwet_AC2,RELIABILITY,PAIRED_CODER_RECORDS,FIELD_OR_DOMAIN,Eligible_75_Structured,GWET_AC2,,,1206,,,1.0,proportion,YES,T14_RELIABILITY_SUMMARY.csv,AGE
REL005_Raw_Agreement,RELIABILITY,PAIRED_CODER_RECORDS,FIELD_OR_DOMAIN,Eligible_80_Structured,RAW_AGREEMENT,,,1206,,,1.0,proportion,YES,T14_RELIABILITY_SUMMARY.csv,AGE
REL005_Positive_Agreement,RELIABILITY,PAIRED_CODER_RECORDS,FIELD_OR_DOMAIN,Eligible_80_Structured,POSITIVE_AGREEMENT,,,1206,,,1.0,proportion,YES,T14_RELIABILITY_SUMMARY.csv,AGE
REL005_Negative_Agreement,RELIABILITY,PAIRED_CODER_RECORDS,FIELD_OR_DOMAIN,Eligible_80_Structured,NEGATIVE_AGREEMENT,,,1206,,,1.0,proportion,YES,T14_RELIABILITY_SUMMARY.csv,AGE
REL005_Cohen_Kappa,RELIABILITY,PAIRED_CODER_RECORDS,FIELD_OR_DOMAIN,Eligible_80_Structured,COHEN_KAPPA,,,1206,,,1.0,proportion,YES,T14_RELIABILITY_SUMMARY.csv,AGE
REL005_Gwet_AC1,RELIABILITY,PAIRED_CODER_RECORDS,FIELD_OR_DOMAIN,Eligible_80_Structured,GWET_AC1,,,1206,,,1.0,proportion,YES,T14_RELIABILITY_SUMMARY.csv,AGE
REL005_Gwet_AC2,RELIABILITY,PAIRED_CODER_RECORDS,FIELD_OR_DOMAIN,Eligible_80_Structured,GWET_AC2,,,1206,,,1.0,proportion,YES,T14_RELIABILITY_SUMMARY.csv,AGE
REL006_Raw_Agreement,RELIABILITY,PAIRED_CODER_RECORDS,FIELD_OR_DOMAIN,Eligible_85_Structured,RAW_AGREEMENT,,,1206,,,1.0,proportion,YES,T14_RELIABILITY_SUMMARY.csv,AGE
REL006_Positive_Agreement,RELIABILITY,PAIRED_CODER_RECORDS,FIELD_OR_DOMAIN,Eligible_85_Structured,POSITIVE_AGREEMENT,,,1206,,,1.0,proportion,YES,T14_RELIABILITY_SUMMARY.csv,AGE
REL006_Negative_Agreement,RELIABILITY,PAIRED_CODER_RECORDS,FIELD_OR_DOMAIN,Eligible_85_Structured,NEGATIVE_AGREEMENT,,,1206,,,1.0,proportion,YES,T14_RELIABILITY_SUMMARY.csv,AGE
REL006_Cohen_Kappa,RELIABILITY,PAIRED_CODER_RECORDS,FIELD_OR_DOMAIN,Eligible_85_Structured,COHEN_KAPPA,,,1206,,,1.0,proportion,YES,T14_RELIABILITY_SUMMARY.csv,AGE
REL006_Gwet_AC1,RELIABILITY,PAIRED_CODER_RECORDS,FIELD_OR_DOMAIN,Eligible_85_Structured,GWET_AC1,,,1206,,,1.0,proportion,YES,T14_RELIABILITY_SUMMARY.csv,AGE
REL006_Gwet_AC2,RELIABILITY,PAIRED_CODER_RECORDS,FIELD_OR_DOMAIN,Eligible_85_Structured,GWET_AC2,,,1206,,,1.0,proportion,YES,T14_RELIABILITY_SUMMARY.csv,AGE
REL007_Raw_Agreement,RELIABILITY,PAIRED_CODER_RECORDS,FIELD_OR_DOMAIN,Eligible_65_Reconciled,RAW_AGREEMENT,,,1206,,,1.0,proportion,YES,T14_RELIABILITY_SUMMARY.csv,AGE
REL007_Positive_Agreement,RELIABILITY,PAIRED_CODER_RECORDS,FIELD_OR_DOMAIN,Eligible_65_Reconciled,POSITIVE_AGREEMENT,,,1206,,,1.0,proportion,YES,T14_RELIABILITY_SUMMARY.csv,AGE
REL007_Negative_Agreement,RELIABILITY,PAIRED_CODER_RECORDS,FIELD_OR_DOMAIN,Eligible_65_Reconciled,NEGATIVE_AGREEMENT,,,1206,,,1.0,proportion,YES,T14_RELIABILITY_SUMMARY.csv,AGE
REL007_Cohen_Kappa,RELIABILITY,PAIRED_CODER_RECORDS,FIELD_OR_DOMAIN,Eligible_65_Reconciled,COHEN_KAPPA,,,1206,,,1.0,proportion,YES,T14_RELIABILITY_SUMMARY.csv,AGE
REL007_Gwet_AC1,RELIABILITY,PAIRED_CODER_RECORDS,FIELD_OR_DOMAIN,Eligible_65_Reconciled,GWET_AC1,,,1206,,,1.0,proportion,YES,T14_RELIABILITY_SUMMARY.csv,AGE
REL007_Gwet_AC2,RELIABILITY,PAIRED_CODER_RECORDS,FIELD_OR_DOMAIN,Eligible_65_Reconciled,GWET_AC2,,,1206,,,1.0,proportion,YES,T14_RELIABILITY_SUMMARY.csv,AGE
REL008_Raw_Agreement,RELIABILITY,PAIRED_CODER_RECORDS,FIELD_OR_DOMAIN,Eligible_75_Reconciled,RAW_AGREEMENT,,,1206,,,1.0,proportion,YES,T14_RELIABILITY_SUMMARY.csv,AGE
REL008_Positive_Agreement,RELIABILITY,PAIRED_CODER_RECORDS,FIELD_OR_DOMAIN,Eligible_75_Reconciled,POSITIVE_AGREEMENT,,,1206,,,1.0,proportion,YES,T14_RELIABILITY_SUMMARY.csv,AGE
REL008_Negative_Agreement,RELIABILITY,PAIRED_CODER_RECORDS,FIELD_OR_DOMAIN,Eligible_75_Reconciled,NEGATIVE_AGREEMENT,,,1206,,,1.0,proportion,YES,T14_RELIABILITY_SUMMARY.csv,AGE
REL008_Cohen_Kappa,RELIABILITY,PAIRED_CODER_RECORDS,FIELD_OR_DOMAIN,Eligible_75_Reconciled,COHEN_KAPPA,,,1206,,,1.0,proportion,YES,T14_RELIABILITY_SUMMARY.csv,AGE
REL008_Gwet_AC1,RELIABILITY,PAIRED_CODER_RECORDS,FIELD_OR_DOMAIN,Eligible_75_Reconciled,GWET_AC1,,,1206,,,1.0,proportion,YES,T14_RELIABILITY_SUMMARY.csv,AGE
REL008_Gwet_AC2,RELIABILITY,PAIRED_CODER_RECORDS,FIELD_OR_DOMAIN,Eligible_75_Reconciled,GWET_AC2,,,1206,,,1.0,proportion,YES,T14_RELIABILITY_SUMMARY.csv,AGE
REL009_Raw_Agreement,RELIABILITY,PAIRED_CODER_RECORDS,FIELD_OR_DOMAIN,Eligible_80_Reconciled,RAW_AGREEMENT,,,1206,,,1.0,proportion,YES,T14_RELIABILITY_SUMMARY.csv,AGE
REL009_Positive_Agreement,RELIABILITY,PAIRED_CODER_RECORDS,FIELD_OR_DOMAIN,Eligible_80_Reconciled,POSITIVE_AGREEMENT,,,1206,,,1.0,proportion,YES,T14_RELIABILITY_SUMMARY.csv,AGE
REL009_Negative_Agreement,RELIABILITY,PAIRED_CODER_RECORDS,FIELD_OR_DOMAIN,Eligible_80_Reconciled,NEGATIVE_AGREEMENT,,,1206,,,1.0,proportion,YES,T14_RELIABILITY_SUMMARY.csv,AGE
REL009_Cohen_Kappa,RELIABILITY,PAIRED_CODER_RECORDS,FIELD_OR_DOMAIN,Eligible_80_Reconciled,COHEN_KAPPA,,,1206,,,1.0,proportion,YES,T14_RELIABILITY_SUMMARY.csv,AGE
REL009_Gwet_AC1,RELIABILITY,PAIRED_CODER_RECORDS,FIELD_OR_DOMAIN,Eligible_80_Reconciled,GWET_AC1,,,1206,,,1.0,proportion,YES,T14_RELIABILITY_SUMMARY.csv,AGE
REL009_Gwet_AC2,RELIABILITY,PAIRED_CODER_RECORDS,FIELD_OR_DOMAIN,Eligible_80_Reconciled,GWET_AC2,,,1206,,,1.0,proportion,YES,T14_RELIABILITY_SUMMARY.csv,AGE
REL010_Raw_Agreement,RELIABILITY,PAIRED_CODER_RECORDS,FIELD_OR_DOMAIN,Eligible_85_Reconciled,RAW_AGREEMENT,,,1206,,,1.0,proportion,YES,T14_RELIABILITY_SUMMARY.csv,AGE
REL010_Positive_Agreement,RELIABILITY,PAIRED_CODER_RECORDS,FIELD_OR_DOMAIN,Eligible_85_Reconciled,POSITIVE_AGREEMENT,,,1206,,,1.0,proportion,YES,T14_RELIABILITY_SUMMARY.csv,AGE
REL010_Negative_Agreement,RELIABILITY,PAIRED_CODER_RECORDS,FIELD_OR_DOMAIN,Eligible_85_Reconciled,NEGATIVE_AGREEMENT,,,1206,,,1.0,proportion,YES,T14_RELIABILITY_SUMMARY.csv,AGE
REL010_Cohen_Kappa,RELIABILITY,PAIRED_CODER_RECORDS,FIELD_OR_DOMAIN,Eligible_85_Reconciled,COHEN_KAPPA,,,1206,,,1.0,proportion,YES,T14_RELIABILITY_SUMMARY.csv,AGE
REL010_Gwet_AC1,RELIABILITY,PAIRED_CODER_RECORDS,FIELD_OR_DOMAIN,Eligible_85_Reconciled,GWET_AC1,,,1206,,,1.0,proportion,YES,T14_RELIABILITY_SUMMARY.csv,AGE
REL010_Gwet_AC2,RELIABILITY,PAIRED_CODER_RECORDS,FIELD_OR_DOMAIN,Eligible_85_Reconciled,GWET_AC2,,,1206,,,1.0,proportion,YES,T14_RELIABILITY_SUMMARY.csv,AGE
REL011_Raw_Agreement,RELIABILITY,PAIRED_CODER_RECORDS,FIELD_OR_DOMAIN,frailty_direct,RAW_AGREEMENT,,,1206,,,0.9734660033167496,proportion,PRESENT,T14_RELIABILITY_SUMMARY.csv,GERIATRIC
REL011_Positive_Agreement,RELIABILITY,PAIRED_CODER_RECORDS,FIELD_OR_DOMAIN,frailty_direct,POSITIVE_AGREEMENT,,,1206,,,1.0,proportion,PRESENT,T14_RELIABILITY_SUMMARY.csv,GERIATRIC
REL011_Negative_Agreement,RELIABILITY,PAIRED_CODER_RECORDS,FIELD_OR_DOMAIN,frailty_direct,NEGATIVE_AGREEMENT,,,1206,,,1.0,proportion,PRESENT,T14_RELIABILITY_SUMMARY.csv,GERIATRIC
REL011_Cohen_Kappa,RELIABILITY,PAIRED_CODER_RECORDS,FIELD_OR_DOMAIN,frailty_direct,COHEN_KAPPA,,,1206,,,0.40195258019525776,proportion,PRESENT,T14_RELIABILITY_SUMMARY.csv,GERIATRIC
REL011_Gwet_AC1,RELIABILITY,PAIRED_CODER_RECORDS,FIELD_OR_DOMAIN,frailty_direct,GWET_AC1,,,1206,,,0.9728689064535474,proportion,PRESENT,T14_RELIABILITY_SUMMARY.csv,GERIATRIC
REL011_Gwet_AC2,RELIABILITY,PAIRED_CODER_RECORDS,FIELD_OR_DOMAIN,frailty_direct,GWET_AC2,,,1206,,,0.9728689064535474,proportion,PRESENT,T14_RELIABILITY_SUMMARY.csv,GERIATRIC
REL012_Raw_Agreement,RELIABILITY,PAIRED_CODER_RECORDS,FIELD_OR_DOMAIN,mobility_adl_function,RAW_AGREEMENT,,,1206,,,0.8640132669983416,proportion,PRESENT,T14_RELIABILITY_SUMMARY.csv,GERIATRIC
REL012_Positive_Agreement,RELIABILITY,PAIRED_CODER_RECORDS,FIELD_OR_DOMAIN,mobility_adl_function,POSITIVE_AGREEMENT,,,1206,,,1.0,proportion,PRESENT,T14_RELIABILITY_SUMMARY.csv,GERIATRIC
REL012_Negative_Agreement,RELIABILITY,PAIRED_CODER_RECORDS,FIELD_OR_DOMAIN,mobility_adl_function,NEGATIVE_AGREEMENT,,,1206,,,1.0,proportion,PRESENT,T14_RELIABILITY_SUMMARY.csv,GERIATRIC
REL012_Cohen_Kappa,RELIABILITY,PAIRED_CODER_RECORDS,FIELD_OR_DOMAIN,mobility_adl_function,COHEN_KAPPA,,,1206,,,0.7102448028831362,proportion,PRESENT,T14_RELIABILITY_SUMMARY.csv,GERIATRIC
REL012_Gwet_AC1,RELIABILITY,PAIRED_CODER_RECORDS,FIELD_OR_DOMAIN,mobility_adl_function,GWET_AC1,,,1206,,,0.8233858545449674,proportion,PRESENT,T14_RELIABILITY_SUMMARY.csv,GERIATRIC
REL012_Gwet_AC2,RELIABILITY,PAIRED_CODER_RECORDS,FIELD_OR_DOMAIN,mobility_adl_function,GWET_AC2,,,1206,,,0.8233858545449674,proportion,PRESENT,T14_RELIABILITY_SUMMARY.csv,GERIATRIC
REL013_Raw_Agreement,RELIABILITY,PAIRED_CODER_RECORDS,FIELD_OR_DOMAIN,cognition_decision_capacity,RAW_AGREEMENT,,,1206,,,0.8872305140961857,proportion,PRESENT,T14_RELIABILITY_SUMMARY.csv,GERIATRIC
REL013_Positive_Agreement,RELIABILITY,PAIRED_CODER_RECORDS,FIELD_OR_DOMAIN,cognition_decision_capacity,POSITIVE_AGREEMENT,,,1206,,,1.0,proportion,PRESENT,T14_RELIABILITY_SUMMARY.csv,GERIATRIC
REL013_Negative_Agreement,RELIABILITY,PAIRED_CODER_RECORDS,FIELD_OR_DOMAIN,cognition_decision_capacity,NEGATIVE_AGREEMENT,,,1206,,,1.0,proportion,PRESENT,T14_RELIABILITY_SUMMARY.csv,GERIATRIC
REL013_Cohen_Kappa,RELIABILITY,PAIRED_CODER_RECORDS,FIELD_OR_DOMAIN,cognition_decision_capacity,COHEN_KAPPA,,,1206,,,0.6525452812202096,proportion,PRESENT,T14_RELIABILITY_SUMMARY.csv,GERIATRIC
REL013_Gwet_AC1,RELIABILITY,PAIRED_CODER_RECORDS,FIELD_OR_DOMAIN,cognition_decision_capacity,GWET_AC1,,,1206,,,0.8658942712187304,proportion,PRESENT,T14_RELIABILITY_SUMMARY.csv,GERIATRIC
REL013_Gwet_AC2,RELIABILITY,PAIRED_CODER_RECORDS,FIELD_OR_DOMAIN,cognition_decision_capacity,GWET_AC2,,,1206,,,0.8658942712187304,proportion,PRESENT,T14_RELIABILITY_SUMMARY.csv,GERIATRIC
REL014_Raw_Agreement,RELIABILITY,PAIRED_CODER_RECORDS,FIELD_OR_DOMAIN,proxy_consent_pathway,RAW_AGREEMENT,,,1206,,,0.8839137645107794,proportion,PRESENT,T14_RELIABILITY_SUMMARY.csv,GERIATRIC
REL014_Positive_Agreement,RELIABILITY,PAIRED_CODER_RECORDS,FIELD_OR_DOMAIN,proxy_consent_pathway,POSITIVE_AGREEMENT,,,1206,,,1.0,proportion,PRESENT,T14_RELIABILITY_SUMMARY.csv,GERIATRIC
REL014_Negative_Agreement,RELIABILITY,PAIRED_CODER_RECORDS,FIELD_OR_DOMAIN,proxy_consent_pathway,NEGATIVE_AGREEMENT,,,1206,,,1.0,proportion,PRESENT,T14_RELIABILITY_SUMMARY.csv,GERIATRIC
REL014_Cohen_Kappa,RELIABILITY,PAIRED_CODER_RECORDS,FIELD_OR_DOMAIN,proxy_consent_pathway,COHEN_KAPPA,,,1206,,,0.2755078396539734,proportion,PRESENT,T14_RELIABILITY_SUMMARY.csv,GERIATRIC
REL014_Gwet_AC1,RELIABILITY,PAIRED_CODER_RECORDS,FIELD_OR_DOMAIN,proxy_consent_pathway,GWET_AC1,,,1206,,,0.874263951868205,proportion,PRESENT,T14_RELIABILITY_SUMMARY.csv,GERIATRIC
REL014_Gwet_AC2,RELIABILITY,PAIRED_CODER_RECORDS,FIELD_OR_DOMAIN,proxy_consent_pathway,GWET_AC2,,,1206,,,0.874263951868205,proportion,PRESENT,T14_RELIABILITY_SUMMARY.csv,GERIATRIC
REL015_Raw_Agreement,RELIABILITY,PAIRED_CODER_RECORDS,FIELD_OR_DOMAIN,nutrition_malnutrition,RAW_AGREEMENT,,,1206,,,0.8208955223880597,proportion,PRESENT,T14_RELIABILITY_SUMMARY.csv,GERIATRIC
REL015_Positive_Agreement,RELIABILITY,PAIRED_CODER_RECORDS,FIELD_OR_DOMAIN,nutrition_malnutrition,POSITIVE_AGREEMENT,,,1206,,,1.0,proportion,PRESENT,T14_RELIABILITY_SUMMARY.csv,GERIATRIC
REL015_Negative_Agreement,RELIABILITY,PAIRED_CODER_RECORDS,FIELD_OR_DOMAIN,nutrition_malnutrition,NEGATIVE_AGREEMENT,,,1206,,,1.0,proportion,PRESENT,T14_RELIABILITY_SUMMARY.csv,GERIATRIC
REL015_Cohen_Kappa,RELIABILITY,PAIRED_CODER_RECORDS,FIELD_OR_DOMAIN,nutrition_malnutrition,COHEN_KAPPA,,,1206,,,0.4446022182139156,proportion,PRESENT,T14_RELIABILITY_SUMMARY.csv,GERIATRIC
REL015_Gwet_AC1,RELIABILITY,PAIRED_CODER_RECORDS,FIELD_OR_DOMAIN,nutrition_malnutrition,GWET_AC1,,,1206,,,0.7884875368122595,proportion,PRESENT,T14_RELIABILITY_SUMMARY.csv,GERIATRIC
REL015_Gwet_AC2,RELIABILITY,PAIRED_CODER_RECORDS,FIELD_OR_DOMAIN,nutrition_malnutrition,GWET_AC2,,,1206,,,0.7884875368122595,proportion,PRESENT,T14_RELIABILITY_SUMMARY.csv,GERIATRIC
REL016_Raw_Agreement,RELIABILITY,PAIRED_CODER_RECORDS,FIELD_OR_DOMAIN,multimorbidity_burden,RAW_AGREEMENT,,,1206,,,0.9469320066334992,proportion,PRESENT,T14_RELIABILITY_SUMMARY.csv,GERIATRIC
REL016_Positive_Agreement,RELIABILITY,PAIRED_CODER_RECORDS,FIELD_OR_DOMAIN,multimorbidity_burden,POSITIVE_AGREEMENT,,,1206,,,1.0,proportion,PRESENT,T14_RELIABILITY_SUMMARY.csv,GERIATRIC
REL016_Negative_Agreement,RELIABILITY,PAIRED_CODER_RECORDS,FIELD_OR_DOMAIN,multimorbidity_burden,NEGATIVE_AGREEMENT,,,1206,,,1.0,proportion,PRESENT,T14_RELIABILITY_SUMMARY.csv,GERIATRIC
REL016_Cohen_Kappa,RELIABILITY,PAIRED_CODER_RECORDS,FIELD_OR_DOMAIN,multimorbidity_burden,COHEN_KAPPA,,,1206,,,0.17469686277025703,proportion,PRESENT,T14_RELIABILITY_SUMMARY.csv,GERIATRIC
REL016_Gwet_AC1,RELIABILITY,PAIRED_CODER_RECORDS,FIELD_OR_DOMAIN,multimorbidity_burden,GWET_AC1,,,1206,,,0.9452090191020225,proportion,PRESENT,T14_RELIABILITY_SUMMARY.csv,GERIATRIC
REL016_Gwet_AC2,RELIABILITY,PAIRED_CODER_RECORDS,FIELD_OR_DOMAIN,multimorbidity_burden,GWET_AC2,,,1206,,,0.9452090191020225,proportion,PRESENT,T14_RELIABILITY_SUMMARY.csv,GERIATRIC
REL017_Raw_Agreement,RELIABILITY,PAIRED_CODER_RECORDS,FIELD_OR_DOMAIN,life_expectancy_advanced_illness,RAW_AGREEMENT,,,1206,,,0.9817578772802653,proportion,PRESENT,T14_RELIABILITY_SUMMARY.csv,GERIATRIC
REL017_Positive_Agreement,RELIABILITY,PAIRED_CODER_RECORDS,FIELD_OR_DOMAIN,life_expectancy_advanced_illness,POSITIVE_AGREEMENT,,,1206,,,1.0,proportion,PRESENT,T14_RELIABILITY_SUMMARY.csv,GERIATRIC
REL017_Negative_Agreement,RELIABILITY,PAIRED_CODER_RECORDS,FIELD_OR_DOMAIN,life_expectancy_advanced_illness,NEGATIVE_AGREEMENT,,,1206,,,1.0,proportion,PRESENT,T14_RELIABILITY_SUMMARY.csv,GERIATRIC
REL017_Cohen_Kappa,RELIABILITY,PAIRED_CODER_RECORDS,FIELD_OR_DOMAIN,life_expectancy_advanced_illness,COHEN_KAPPA,,,1206,,,0.9146551724137929,proportion,PRESENT,T14_RELIABILITY_SUMMARY.csv,GERIATRIC
REL017_Gwet_AC1,RELIABILITY,PAIRED_CODER_RECORDS,FIELD_OR_DOMAIN,life_expectancy_advanced_illness,GWET_AC1,,,1206,,,0.9795768972309653,proportion,PRESENT,T14_RELIABILITY_SUMMARY.csv,GERIATRIC
REL017_Gwet_AC2,RELIABILITY,PAIRED_CODER_RECORDS,FIELD_OR_DOMAIN,life_expectancy_advanced_illness,GWET_AC2,,,1206,,,0.9795768972309653,proportion,PRESENT,T14_RELIABILITY_SUMMARY.csv,GERIATRIC
REL018_Raw_Agreement,RELIABILITY,PAIRED_CODER_RECORDS,FIELD_OR_DOMAIN,care_setting_caregiver,RAW_AGREEMENT,,,1206,,,0.8698175787728026,proportion,PRESENT,T14_RELIABILITY_SUMMARY.csv,GERIATRIC
REL018_Positive_Agreement,RELIABILITY,PAIRED_CODER_RECORDS,FIELD_OR_DOMAIN,care_setting_caregiver,POSITIVE_AGREEMENT,,,1206,,,1.0,proportion,PRESENT,T14_RELIABILITY_SUMMARY.csv,GERIATRIC
REL018_Negative_Agreement,RELIABILITY,PAIRED_CODER_RECORDS,FIELD_OR_DOMAIN,care_setting_caregiver,NEGATIVE_AGREEMENT,,,1206,,,1.0,proportion,PRESENT,T14_RELIABILITY_SUMMARY.csv,GERIATRIC
REL018_Cohen_Kappa,RELIABILITY,PAIRED_CODER_RECORDS,FIELD_OR_DOMAIN,care_setting_caregiver,COHEN_KAPPA,,,1206,,,0.37136197932229736,proportion,PRESENT,T14_RELIABILITY_SUMMARY.csv,GERIATRIC
REL018_Gwet_AC1,RELIABILITY,PAIRED_CODER_RECORDS,FIELD_OR_DOMAIN,care_setting_caregiver,GWET_AC1,,,1206,,,0.855464260053187,proportion,PRESENT,T14_RELIABILITY_SUMMARY.csv,GERIATRIC
REL018_Gwet_AC2,RELIABILITY,PAIRED_CODER_RECORDS,FIELD_OR_DOMAIN,care_setting_caregiver,GWET_AC2,,,1206,,,0.855464260053187,proportion,PRESENT,T14_RELIABILITY_SUMMARY.csv,GERIATRIC
REL019_Raw_Agreement,RELIABILITY,PAIRED_CODER_RECORDS,FIELD_OR_DOMAIN,polypharmacy_medication_burden,RAW_AGREEMENT,,,1206,,,0.9859038142620232,proportion,PRESENT,T14_RELIABILITY_SUMMARY.csv,GERIATRIC
REL019_Positive_Agreement,RELIABILITY,PAIRED_CODER_RECORDS,FIELD_OR_DOMAIN,polypharmacy_medication_burden,POSITIVE_AGREEMENT,,,1206,,,1.0,proportion,PRESENT,T14_RELIABILITY_SUMMARY.csv,GERIATRIC
REL019_Negative_Agreement,RELIABILITY,PAIRED_CODER_RECORDS,FIELD_OR_DOMAIN,polypharmacy_medication_burden,NEGATIVE_AGREEMENT,,,1206,,,1.0,proportion,PRESENT,T14_RELIABILITY_SUMMARY.csv,GERIATRIC
REL019_Cohen_Kappa,RELIABILITY,PAIRED_CODER_RECORDS,FIELD_OR_DOMAIN,polypharmacy_medication_burden,COHEN_KAPPA,,,1206,,,0.10452063769382554,proportion,PRESENT,T14_RELIABILITY_SUMMARY.csv,GERIATRIC
REL019_Gwet_AC1,RELIABILITY,PAIRED_CODER_RECORDS,FIELD_OR_DOMAIN,polypharmacy_medication_burden,GWET_AC1,,,1206,,,0.9857926979165638,proportion,PRESENT,T14_RELIABILITY_SUMMARY.csv,GERIATRIC
REL019_Gwet_AC2,RELIABILITY,PAIRED_CODER_RECORDS,FIELD_OR_DOMAIN,polypharmacy_medication_burden,GWET_AC2,,,1206,,,0.9857926979165638,proportion,PRESENT,T14_RELIABILITY_SUMMARY.csv,GERIATRIC
REL020_Raw_Agreement,RELIABILITY,PAIRED_CODER_RECORDS,FIELD_OR_DOMAIN,ALL_NINE_DOMAINS_POOLED,RAW_AGREEMENT,,,10854,,,0.9126589275843007,proportion,PRESENT,T14_RELIABILITY_SUMMARY.csv,GERIATRIC
REL020_Positive_Agreement,RELIABILITY,PAIRED_CODER_RECORDS,FIELD_OR_DOMAIN,ALL_NINE_DOMAINS_POOLED,POSITIVE_AGREEMENT,,,10854,,,1.0,proportion,PRESENT,T14_RELIABILITY_SUMMARY.csv,GERIATRIC
REL020_Negative_Agreement,RELIABILITY,PAIRED_CODER_RECORDS,FIELD_OR_DOMAIN,ALL_NINE_DOMAINS_POOLED,NEGATIVE_AGREEMENT,,,10854,,,1.0,proportion,PRESENT,T14_RELIABILITY_SUMMARY.csv,GERIATRIC
REL020_Cohen_Kappa,RELIABILITY,PAIRED_CODER_RECORDS,FIELD_OR_DOMAIN,ALL_NINE_DOMAINS_POOLED,COHEN_KAPPA,,,10854,,,0.5947220238202612,proportion,PRESENT,T14_RELIABILITY_SUMMARY.csv,GERIATRIC
REL020_Gwet_AC1,RELIABILITY,PAIRED_CODER_RECORDS,FIELD_OR_DOMAIN,ALL_NINE_DOMAINS_POOLED,GWET_AC1,,,10854,,,0.9023197232605183,proportion,PRESENT,T14_RELIABILITY_SUMMARY.csv,GERIATRIC
REL020_Gwet_AC2,RELIABILITY,PAIRED_CODER_RECORDS,FIELD_OR_DOMAIN,ALL_NINE_DOMAINS_POOLED,GWET_AC2,,,10854,,,0.9023197232605183,proportion,PRESENT,T14_RELIABILITY_SUMMARY.csv,GERIATRIC
REL021_Raw_Agreement,RELIABILITY,PAIRED_CODER_RECORDS,FIELD_OR_DOMAIN,FRAMEWORK_CATEGORY,RAW_AGREEMENT,,,1206,,,1.0,proportion,NOT_APPLICABLE_MULTICATEGORY,T14_RELIABILITY_SUMMARY.csv,FRAMEWORK
REL021_Positive_Agreement,RELIABILITY,PAIRED_CODER_RECORDS,FIELD_OR_DOMAIN,FRAMEWORK_CATEGORY,POSITIVE_AGREEMENT,,,1206,,,,proportion,NOT_APPLICABLE_MULTICATEGORY,T14_RELIABILITY_SUMMARY.csv,FRAMEWORK
REL021_Negative_Agreement,RELIABILITY,PAIRED_CODER_RECORDS,FIELD_OR_DOMAIN,FRAMEWORK_CATEGORY,NEGATIVE_AGREEMENT,,,1206,,,,proportion,NOT_APPLICABLE_MULTICATEGORY,T14_RELIABILITY_SUMMARY.csv,FRAMEWORK
REL021_Cohen_Kappa,RELIABILITY,PAIRED_CODER_RECORDS,FIELD_OR_DOMAIN,FRAMEWORK_CATEGORY,COHEN_KAPPA,,,1206,,,1.0,proportion,NOT_APPLICABLE_MULTICATEGORY,T14_RELIABILITY_SUMMARY.csv,FRAMEWORK
REL021_Gwet_AC1,RELIABILITY,PAIRED_CODER_RECORDS,FIELD_OR_DOMAIN,FRAMEWORK_CATEGORY,GWET_AC1,,,1206,,,1.0,proportion,NOT_APPLICABLE_MULTICATEGORY,T14_RELIABILITY_SUMMARY.csv,FRAMEWORK
REL021_Gwet_AC2,RELIABILITY,PAIRED_CODER_RECORDS,FIELD_OR_DOMAIN,FRAMEWORK_CATEGORY,GWET_AC2,,,1206,,,1.0,proportion,NOT_APPLICABLE_MULTICATEGORY,T14_RELIABILITY_SUMMARY.csv,FRAMEWORK
REL022_Raw_Agreement,RELIABILITY,PAIRED_CODER_RECORDS,FIELD_OR_DOMAIN,Outcome_Domain,RAW_AGREEMENT,,,7567,,,0.788952028544998,proportion,MAPPED_DOMAIN,T14_RELIABILITY_SUMMARY.csv,OUTCOME
REL022_Positive_Agreement,RELIABILITY,PAIRED_CODER_RECORDS,FIELD_OR_DOMAIN,Outcome_Domain,POSITIVE_AGREEMENT,,,7567,,,1.0,proportion,MAPPED_DOMAIN,T14_RELIABILITY_SUMMARY.csv,OUTCOME
REL022_Negative_Agreement,RELIABILITY,PAIRED_CODER_RECORDS,FIELD_OR_DOMAIN,Outcome_Domain,NEGATIVE_AGREEMENT,,,7567,,,,proportion,MAPPED_DOMAIN,T14_RELIABILITY_SUMMARY.csv,OUTCOME
REL022_Cohen_Kappa,RELIABILITY,PAIRED_CODER_RECORDS,FIELD_OR_DOMAIN,Outcome_Domain,COHEN_KAPPA,,,7567,,,0.6878487566204767,proportion,MAPPED_DOMAIN,T14_RELIABILITY_SUMMARY.csv,OUTCOME
REL022_Gwet_AC1,RELIABILITY,PAIRED_CODER_RECORDS,FIELD_OR_DOMAIN,Outcome_Domain,GWET_AC1,,,7567,,,0.7764901971028205,proportion,MAPPED_DOMAIN,T14_RELIABILITY_SUMMARY.csv,OUTCOME
REL022_Gwet_AC2,RELIABILITY,PAIRED_CODER_RECORDS,FIELD_OR_DOMAIN,Outcome_Domain,GWET_AC2,,,7567,,,0.7764901971028205,proportion,MAPPED_DOMAIN,T14_RELIABILITY_SUMMARY.csv,OUTCOME
REL023_Raw_Agreement,RELIABILITY,PAIRED_CODER_RECORDS,FIELD_OR_DOMAIN,Outcome_Mapping,RAW_AGREEMENT,,,7567,,,0.788952028544998,proportion,MAPPED_OUTCOME,T14_RELIABILITY_SUMMARY.csv,OUTCOME
REL023_Positive_Agreement,RELIABILITY,PAIRED_CODER_RECORDS,FIELD_OR_DOMAIN,Outcome_Mapping,POSITIVE_AGREEMENT,,,7567,,,0.8699259259259259,proportion,MAPPED_OUTCOME,T14_RELIABILITY_SUMMARY.csv,OUTCOME
REL023_Negative_Agreement,RELIABILITY,PAIRED_CODER_RECORDS,FIELD_OR_DOMAIN,Outcome_Mapping,NEGATIVE_AGREEMENT,,,7567,,,0.8952767175572519,proportion,MAPPED_OUTCOME,T14_RELIABILITY_SUMMARY.csv,OUTCOME
REL023_Cohen_Kappa,RELIABILITY,PAIRED_CODER_RECORDS,FIELD_OR_DOMAIN,Outcome_Mapping,COHEN_KAPPA,,,7567,,,0.6907539135902208,proportion,MAPPED_OUTCOME,T14_RELIABILITY_SUMMARY.csv,OUTCOME
REL023_Gwet_AC1,RELIABILITY,PAIRED_CODER_RECORDS,FIELD_OR_DOMAIN,Outcome_Mapping,GWET_AC1,,,7567,,,0.7819353755705565,proportion,MAPPED_OUTCOME,T14_RELIABILITY_SUMMARY.csv,OUTCOME
REL023_Gwet_AC2,RELIABILITY,PAIRED_CODER_RECORDS,FIELD_OR_DOMAIN,Outcome_Mapping,GWET_AC2,,,7567,,,0.7819353755705565,proportion,MAPPED_OUTCOME,T14_RELIABILITY_SUMMARY.csv,OUTCOME
REL024_Raw_Agreement,RELIABILITY,PAIRED_CODER_RECORDS,FIELD_OR_DOMAIN,Reporter,RAW_AGREEMENT,,,7567,,,0.37174573807321265,proportion,SPECIFIED_REPORTER,T14_RELIABILITY_SUMMARY.csv,OUTCOME
REL024_Positive_Agreement,RELIABILITY,PAIRED_CODER_RECORDS,FIELD_OR_DOMAIN,Reporter,POSITIVE_AGREEMENT,,,7567,,,0.5420038535645472,proportion,SPECIFIED_REPORTER,T14_RELIABILITY_SUMMARY.csv,OUTCOME
REL024_Negative_Agreement,RELIABILITY,PAIRED_CODER_RECORDS,FIELD_OR_DOMAIN,Reporter,NEGATIVE_AGREEMENT,,,7567,,,0.0,proportion,SPECIFIED_REPORTER,T14_RELIABILITY_SUMMARY.csv,OUTCOME
REL024_Cohen_Kappa,RELIABILITY,PAIRED_CODER_RECORDS,FIELD_OR_DOMAIN,Reporter,COHEN_KAPPA,,,7567,,,0.32405759976766546,proportion,SPECIFIED_REPORTER,T14_RELIABILITY_SUMMARY.csv,OUTCOME
REL024_Gwet_AC1,RELIABILITY,PAIRED_CODER_RECORDS,FIELD_OR_DOMAIN,Reporter,GWET_AC1,,,7567,,,0.2309999460448618,proportion,SPECIFIED_REPORTER,T14_RELIABILITY_SUMMARY.csv,OUTCOME
REL024_Gwet_AC2,RELIABILITY,PAIRED_CODER_RECORDS,FIELD_OR_DOMAIN,Reporter,GWET_AC2,,,7567,,,0.2309999460448618,proportion,SPECIFIED_REPORTER,T14_RELIABILITY_SUMMARY.csv,OUTCOME
REL025_Raw_Agreement,RELIABILITY,PAIRED_CODER_RECORDS,FIELD_OR_DOMAIN,Instrument_Status,RAW_AGREEMENT,,,7567,,,1.0,proportion,NAMED,T14_RELIABILITY_SUMMARY.csv,OUTCOME
REL025_Positive_Agreement,RELIABILITY,PAIRED_CODER_RECORDS,FIELD_OR_DOMAIN,Instrument_Status,POSITIVE_AGREEMENT,,,7567,,,1.0,proportion,NAMED,T14_RELIABILITY_SUMMARY.csv,OUTCOME
REL025_Negative_Agreement,RELIABILITY,PAIRED_CODER_RECORDS,FIELD_OR_DOMAIN,Instrument_Status,NEGATIVE_AGREEMENT,,,7567,,,1.0,proportion,NAMED,T14_RELIABILITY_SUMMARY.csv,OUTCOME
REL025_Cohen_Kappa,RELIABILITY,PAIRED_CODER_RECORDS,FIELD_OR_DOMAIN,Instrument_Status,COHEN_KAPPA,,,7567,,,1.0,proportion,NAMED,T14_RELIABILITY_SUMMARY.csv,OUTCOME
REL025_Gwet_AC1,RELIABILITY,PAIRED_CODER_RECORDS,FIELD_OR_DOMAIN,Instrument_Status,GWET_AC1,,,7567,,,1.0,proportion,NAMED,T14_RELIABILITY_SUMMARY.csv,OUTCOME
REL025_Gwet_AC2,RELIABILITY,PAIRED_CODER_RECORDS,FIELD_OR_DOMAIN,Instrument_Status,GWET_AC2,,,7567,,,1.0,proportion,NAMED,T14_RELIABILITY_SUMMARY.csv,OUTCOME
REL026_Raw_Agreement,RELIABILITY,PAIRED_CODER_RECORDS,FIELD_OR_DOMAIN,Unit_of_Analysis,RAW_AGREEMENT,,,7567,,,0.4374256640676622,proportion,SPECIFIED_UNIT,T14_RELIABILITY_SUMMARY.csv,OUTCOME
REL026_Positive_Agreement,RELIABILITY,PAIRED_CODER_RECORDS,FIELD_OR_DOMAIN,Unit_of_Analysis,POSITIVE_AGREEMENT,,,7567,,,0.6086237013882504,proportion,SPECIFIED_UNIT,T14_RELIABILITY_SUMMARY.csv,OUTCOME
REL026_Negative_Agreement,RELIABILITY,PAIRED_CODER_RECORDS,FIELD_OR_DOMAIN,Unit_of_Analysis,NEGATIVE_AGREEMENT,,,7567,,,0.0,proportion,SPECIFIED_UNIT,T14_RELIABILITY_SUMMARY.csv,OUTCOME
REL026_Cohen_Kappa,RELIABILITY,PAIRED_CODER_RECORDS,FIELD_OR_DOMAIN,Unit_of_Analysis,COHEN_KAPPA,,,7567,,,0.31373541166391966,proportion,SPECIFIED_UNIT,T14_RELIABILITY_SUMMARY.csv,OUTCOME
REL026_Gwet_AC1,RELIABILITY,PAIRED_CODER_RECORDS,FIELD_OR_DOMAIN,Unit_of_Analysis,GWET_AC1,,,7567,,,0.34706259459622885,proportion,SPECIFIED_UNIT,T14_RELIABILITY_SUMMARY.csv,OUTCOME
REL026_Gwet_AC2,RELIABILITY,PAIRED_CODER_RECORDS,FIELD_OR_DOMAIN,Unit_of_Analysis,GWET_AC2,,,7567,,,0.34706259459622885,proportion,SPECIFIED_UNIT,T14_RELIABILITY_SUMMARY.csv,OUTCOME
REL027_Raw_Agreement,RELIABILITY,PAIRED_CODER_RECORDS,FIELD_OR_DOMAIN,Outcome_Nature,RAW_AGREEMENT,,,7567,,,0.845777719043214,proportion,SPECIFIED_NATURE,T14_RELIABILITY_SUMMARY.csv,OUTCOME
REL027_Positive_Agreement,RELIABILITY,PAIRED_CODER_RECORDS,FIELD_OR_DOMAIN,Outcome_Nature,POSITIVE_AGREEMENT,,,7567,,,1.0,proportion,SPECIFIED_NATURE,T14_RELIABILITY_SUMMARY.csv,OUTCOME
REL027_Negative_Agreement,RELIABILITY,PAIRED_CODER_RECORDS,FIELD_OR_DOMAIN,Outcome_Nature,NEGATIVE_AGREEMENT,,,7567,,,,proportion,SPECIFIED_NATURE,T14_RELIABILITY_SUMMARY.csv,OUTCOME
REL027_Cohen_Kappa,RELIABILITY,PAIRED_CODER_RECORDS,FIELD_OR_DOMAIN,Outcome_Nature,COHEN_KAPPA,,,7567,,,0.7307188303997343,proportion,SPECIFIED_NATURE,T14_RELIABILITY_SUMMARY.csv,OUTCOME
REL027_Gwet_AC1,RELIABILITY,PAIRED_CODER_RECORDS,FIELD_OR_DOMAIN,Outcome_Nature,GWET_AC1,,,7567,,,0.820407261366464,proportion,SPECIFIED_NATURE,T14_RELIABILITY_SUMMARY.csv,OUTCOME
REL027_Gwet_AC2,RELIABILITY,PAIRED_CODER_RECORDS,FIELD_OR_DOMAIN,Outcome_Nature,GWET_AC2,,,7567,,,0.820407261366464,proportion,SPECIFIED_NATURE,T14_RELIABILITY_SUMMARY.csv,OUTCOME
REL_WORKFLOW_QC_NEW12,WORKFLOW_QC,HUMAN_CONFIRMED_CROSS_SCALE_ROWS,FIELD_OR_DOMAIN,NEW_12_RECORD_ALL_CODING_ROWS,RAW_AGREEMENT,,309,366,,,0.8442622950819673,proportion,ACTUAL_HUMAN_CONFIRMED_CROSS_SCALE_WORKFLOW_QC_NOT_PRESPECIFIED_FORMAL_RELIABILITY,T14_RELIABILITY_SUMMARY.csv,WORKFLOW_QC
